height,>,163,age,>,82,sex,=,1,income,=,1#17147
height,>,179,age,<,52,sex,=,1,income,=,1#6013
height,>,180,age,<,68,sex,=,1,income,=,1#5569
height,>,159,age,>,76,sex,=,1,income,=,0#2581
height,<,171,age,>,78,sex,=,0,income,=,1#5277
height,>,158,age,>,70,sex,=,1,income,=,0#886
height,>,157,age,>,74,sex,=,0,income,=,1#1089
height,<,172,age,>,83,sex,=,1,income,=,1#10850
height,>,171,age,>,71,sex,=,1,income,=,1#1273
height,>,170,age,>,82,sex,=,0,income,=,1#4254
height,>,155,age,>,70,sex,=,0,income,=,1#286
height,>,178,age,<,90,sex,=,1,income,=,1#2808
height,>,156,age,>,76,sex,=,0,income,=,1#3614
height,>,170,age,<,23,sex,=,0,income,=,0#29616
height,>,180,age,<,36,sex,=,1,income,=,1#5569
height,>,152,age,>,77,sex,=,1,income,=,1#8829
height,>,155,age,>,71,sex,=,1,income,=,0#944
height,>,150,age,>,80,sex,=,0,income,=,1#7587
height,<,156,age,>,21,sex,=,0,income,=,1#410485
height,<,161,age,>,71,sex,=,1,income,=,1#7714
height,>,157,age,>,74,sex,=,1,income,=,1#3775
height,<,173,age,>,73,sex,=,1,income,=,0#2518
height,>,150,age,>,82,sex,=,0,income,=,1#1855
height,<,164,age,>,79,sex,=,0,income,=,0#6245
height,>,170,age,>,82,sex,=,1,income,=,0#7290
height,<,180,age,>,76,sex,=,1,income,=,0#2581
height,<,163,age,>,68,sex,=,1,income,=,0#2366
height,>,164,age,>,67,sex,=,1,income,=,1#3040
height,>,178,age,<,67,sex,=,1,income,=,1#2808
height,>,150,age,>,72,sex,=,0,income,=,1#803
height,>,179,age,<,84,sex,=,0,income,=,1#636
height,<,160,age,>,24,sex,=,0,income,=,1#77973
height,<,170,age,>,85,sex,=,0,income,=,1#6237
height,<,173,age,>,72,sex,=,0,income,=,1#587
height,>,165,age,>,75,sex,=,1,income,=,0#3039
height,<,165,age,>,68,sex,=,0,income,=,0#140
height,<,170,age,>,87,sex,=,1,income,=,0#8802
height,<,169,age,>,75,sex,=,0,income,=,0#3742
height,>,170,age,>,62,sex,=,1,income,=,1#1509
height,<,180,age,>,85,sex,=,0,income,=,1#879
height,<,152,age,<,53,sex,=,1,income,=,0#1769
height,>,161,age,>,69,sex,=,0,income,=,1#1455
height,<,180,age,>,75,sex,=,0,income,=,0#4445
height,<,176,age,>,87,sex,=,0,income,=,1#10291
height,>,178,age,<,56,sex,=,1,income,=,1#2808
height,>,160,age,>,68,sex,=,1,income,=,1#2414
height,>,155,age,>,74,sex,=,1,income,=,1#3775
height,>,163,age,>,78,sex,=,0,income,=,1#4318
height,>,175,age,<,26,sex,=,1,income,=,0#452104
height,<,162,age,>,68,sex,=,1,income,=,0#4426
height,>,178,age,<,60,sex,=,1,income,=,1#2808
height,>,170,age,>,76,sex,=,0,income,=,0#3755
height,>,177,age,>,29,sex,=,1,income,=,0#54213
height,<,180,age,>,83,sex,=,0,income,=,0#14063
height,>,179,age,<,54,sex,=,0,income,=,1#636
height,>,168,age,>,83,sex,=,0,income,=,0#14707
height,<,171,age,>,88,sex,=,0,income,=,0#12912
height,>,173,age,>,79,sex,=,0,income,=,0#2995
height,>,160,age,>,76,sex,=,0,income,=,0#4853
height,<,171,age,>,86,sex,=,0,income,=,1#333
height,<,175,age,>,86,sex,=,1,income,=,0#5455
height,>,150,age,>,86,sex,=,0,income,=,0#25220
height,<,160,age,>,26,sex,=,1,income,=,1#253037
height,>,156,age,>,71,sex,=,1,income,=,1#2094
height,>,180,age,>,19,sex,=,0,income,=,1#2760
height,>,157,age,>,86,sex,=,1,income,=,0#5455
height,>,178,age,<,40,sex,=,1,income,=,0#951
height,<,166,age,>,83,sex,=,0,income,=,1#2739
height,<,151,age,<,82,sex,=,0,income,=,0#4254
height,>,169,age,>,61,sex,=,1,income,=,1#1483
height,<,165,age,>,77,sex,=,1,income,=,1#997
height,<,179,age,>,76,sex,=,0,income,=,1#3614
height,<,170,age,>,86,sex,=,1,income,=,0#10973
height,>,156,age,>,75,sex,=,0,income,=,0#4445
height,>,162,age,>,73,sex,=,0,income,=,0#3261
height,>,179,age,<,77,sex,=,1,income,=,1#6013
height,>,179,age,>,29,sex,=,1,income,=,0#71630
height,<,151,age,<,76,sex,=,0,income,=,0#4254
height,<,178,age,>,70,sex,=,1,income,=,1#2121
height,>,153,age,>,76,sex,=,0,income,=,0#4756
height,<,169,age,>,78,sex,=,1,income,=,1#10489
height,<,177,age,>,73,sex,=,1,income,=,0#1758
height,>,178,age,<,70,sex,=,0,income,=,1#807
height,<,163,age,>,64,sex,=,1,income,=,1#2189
height,<,179,age,>,80,sex,=,0,income,=,1#7587
height,>,179,age,<,76,sex,=,0,income,=,1#636
height,>,154,age,>,75,sex,=,0,income,=,1#2890
height,>,156,age,>,81,sex,=,0,income,=,1#4120
height,>,156,age,>,76,sex,=,0,income,=,0#4756
height,>,165,age,>,67,sex,=,0,income,=,1#3325
height,<,177,age,>,68,sex,=,1,income,=,0#986
height,<,162,age,>,67,sex,=,1,income,=,1#378
height,<,178,age,>,71,sex,=,1,income,=,0#944
height,>,152,age,>,73,sex,=,1,income,=,1#3913
height,<,165,age,>,69,sex,=,1,income,=,0#326
height,>,177,age,<,89,sex,=,1,income,=,1#1558
height,<,164,age,>,68,sex,=,0,income,=,1#2216
height,<,179,age,>,86,sex,=,0,income,=,0#25220
height,>,179,age,<,90,sex,=,0,income,=,0#916
height,>,169,age,<,20,sex,=,1,income,=,0#453282
height,>,165,age,>,70,sex,=,1,income,=,1#2189
height,<,153,age,<,31,sex,=,1,income,=,1#86
height,<,180,age,>,74,sex,=,0,income,=,1#1089
height,<,151,age,<,60,sex,=,1,income,=,0#3936
height,>,171,age,>,70,sex,=,1,income,=,0#276
height,>,166,age,>,69,sex,=,1,income,=,0#3143
height,<,152,age,<,21,sex,=,1,income,=,0#46645
height,>,177,age,<,40,sex,=,1,income,=,1#1558
height,>,156,age,>,74,sex,=,1,income,=,0#1963
height,<,175,age,>,86,sex,=,0,income,=,0#25220
height,>,170,age,>,67,sex,=,1,income,=,1#1605
height,<,164,age,>,82,sex,=,0,income,=,1#3901
height,>,178,age,<,63,sex,=,1,income,=,1#2808
height,>,154,age,>,84,sex,=,0,income,=,0#17372
height,<,152,age,<,27,sex,=,1,income,=,1#6367
height,<,175,age,>,85,sex,=,1,income,=,0#5791
height,>,172,age,>,65,sex,=,1,income,=,0#150
height,<,176,age,>,76,sex,=,0,income,=,1#3614
height,>,179,age,<,87,sex,=,0,income,=,0#916
height,<,151,age,<,23,sex,=,0,income,=,1#31201
height,<,175,age,>,80,sex,=,0,income,=,0#8050
height,>,164,age,>,84,sex,=,0,income,=,1#1961
height,>,157,age,>,75,sex,=,0,income,=,0#4445
height,<,167,age,>,83,sex,=,0,income,=,0#11545
height,>,179,age,<,45,sex,=,1,income,=,0#1017
height,<,163,age,>,73,sex,=,1,income,=,0#2057
height,<,159,age,>,23,sex,=,1,income,=,0#130906
height,<,164,age,>,83,sex,=,0,income,=,1#4518
height,>,169,age,>,68,sex,=,1,income,=,0#2332
height,>,162,age,>,67,sex,=,1,income,=,0#1489
height,>,169,age,>,81,sex,=,1,income,=,1#7260
height,<,151,age,<,81,sex,=,0,income,=,0#4254
height,>,180,age,<,35,sex,=,1,income,=,1#5569
height,>,177,age,>,23,sex,=,1,income,=,1#6308
height,>,180,age,<,49,sex,=,0,income,=,1#2760
height,>,175,age,<,27,sex,=,1,income,=,0#171588
height,>,171,age,>,59,sex,=,1,income,=,1#966
height,>,170,age,>,85,sex,=,0,income,=,1#15356
height,>,165,age,>,81,sex,=,1,income,=,1#10331
height,>,172,age,>,69,sex,=,1,income,=,1#3111
height,<,176,age,>,76,sex,=,0,income,=,1#3614
height,<,164,age,>,83,sex,=,1,income,=,0#4216
height,>,180,age,<,77,sex,=,0,income,=,1#2760
height,<,169,age,>,67,sex,=,1,income,=,1#1570
height,>,180,age,<,67,sex,=,0,income,=,0#766
height,<,181,age,>,75,sex,=,0,income,=,0#4445
height,>,160,age,>,74,sex,=,1,income,=,1#3976
height,>,177,age,>,24,sex,=,1,income,=,1#12525
height,>,154,age,>,77,sex,=,1,income,=,1#8829
height,<,180,age,>,73,sex,=,1,income,=,0#1758
height,>,154,age,>,71,sex,=,1,income,=,1#2094
height,<,151,age,<,37,sex,=,1,income,=,1#2989
height,>,159,age,>,72,sex,=,0,income,=,1#803
height,>,167,age,>,68,sex,=,0,income,=,1#3861
height,>,170,age,>,75,sex,=,1,income,=,0#1010
height,>,178,age,<,39,sex,=,1,income,=,0#951
height,<,169,age,>,70,sex,=,0,income,=,1#1108
height,>,169,age,>,75,sex,=,0,income,=,0#5921
height,<,167,age,>,81,sex,=,0,income,=,0#9944
height,>,169,age,>,86,sex,=,0,income,=,1#37153
height,<,176,age,>,72,sex,=,0,income,=,0#1776
height,<,174,age,>,82,sex,=,0,income,=,1#1459
height,<,162,age,>,69,sex,=,0,income,=,1#2775
height,<,151,age,<,35,sex,=,1,income,=,0#3936
height,<,163,age,>,81,sex,=,1,income,=,0#453
height,>,158,age,>,75,sex,=,1,income,=,1#6429
height,>,163,age,>,84,sex,=,0,income,=,0#19855
height,<,152,age,<,85,sex,=,1,income,=,0#1769
height,>,179,age,<,52,sex,=,1,income,=,0#1017
height,>,159,age,>,76,sex,=,1,income,=,0#2581
height,<,166,age,>,69,sex,=,0,income,=,0#82
height,>,178,age,<,32,sex,=,1,income,=,0#951
height,>,151,age,>,73,sex,=,0,income,=,1#1792
height,<,177,age,>,78,sex,=,1,income,=,1#9061
height,<,178,age,>,83,sex,=,1,income,=,1#7908
height,>,159,age,>,88,sex,=,0,income,=,0#18913
height,<,167,age,>,71,sex,=,1,income,=,0#655
height,<,165,age,>,61,sex,=,1,income,=,1#189
height,>,172,age,>,73,sex,=,0,income,=,0#1307
height,>,157,age,>,86,sex,=,1,income,=,1#15030
height,<,158,age,>,24,sex,=,1,income,=,1#715631
height,>,180,age,<,69,sex,=,0,income,=,1#2760
height,<,168,age,>,64,sex,=,1,income,=,1#1000
height,<,152,age,<,19,sex,=,1,income,=,0#56811
height,>,151,age,>,78,sex,=,0,income,=,1#3329
height,>,162,age,>,76,sex,=,1,income,=,1#8796
height,<,174,age,>,85,sex,=,0,income,=,0#23938
height,>,178,age,<,37,sex,=,0,income,=,1#807
height,<,162,age,>,57,sex,=,1,income,=,0#870
height,>,155,age,>,77,sex,=,0,income,=,1#3186
height,<,174,age,>,78,sex,=,0,income,=,0#4763
height,<,161,age,>,68,sex,=,1,income,=,1#2084
height,>,160,age,>,71,sex,=,1,income,=,0#1102
height,<,153,age,<,75,sex,=,1,income,=,1#86
height,<,151,age,<,60,sex,=,1,income,=,0#3936
height,<,173,age,>,70,sex,=,0,income,=,1#118
height,<,179,age,>,78,sex,=,1,income,=,0#4301
height,<,176,age,>,80,sex,=,0,income,=,1#7587
height,>,162,age,>,75,sex,=,1,income,=,0#3541
height,>,160,age,>,82,sex,=,0,income,=,1#1707
height,>,169,age,>,70,sex,=,1,income,=,0#462
height,<,174,age,>,71,sex,=,0,income,=,1#469
height,<,174,age,>,81,sex,=,1,income,=,0#9268
height,>,170,age,>,68,sex,=,1,income,=,0#1420
height,>,167,age,>,76,sex,=,0,income,=,1#7182
height,>,177,age,>,20,sex,=,1,income,=,1#1558
height,>,163,age,>,79,sex,=,0,income,=,0#8671
height,<,175,age,>,84,sex,=,0,income,=,0#17372
height,<,171,age,>,75,sex,=,1,income,=,1#6458
height,>,159,age,>,68,sex,=,1,income,=,1#2107
height,>,162,age,>,87,sex,=,0,income,=,0#21512
height,>,173,age,<,25,sex,=,1,income,=,0#78607
height,<,162,age,>,64,sex,=,0,income,=,0#1145
height,>,179,age,<,51,sex,=,1,income,=,1#6013
height,<,164,age,>,63,sex,=,1,income,=,1#2619
height,>,163,age,>,88,sex,=,0,income,=,1#12857
height,<,163,age,>,82,sex,=,0,income,=,0#7852
height,>,157,age,>,70,sex,=,1,income,=,0#886
height,<,151,age,<,79,sex,=,1,income,=,0#3936
height,>,178,age,<,42,sex,=,0,income,=,1#807
height,<,168,age,>,88,sex,=,0,income,=,0#14347
height,<,180,age,>,75,sex,=,0,income,=,0#4445
height,>,171,age,>,57,sex,=,1,income,=,1#270
height,>,155,age,>,74,sex,=,0,income,=,0#3039
height,>,178,age,>,23,sex,=,1,income,=,1#7492
height,<,181,age,>,87,sex,=,1,income,=,1#1654
height,<,153,age,>,18,sex,=,0,income,=,0#336081
height,<,175,age,>,86,sex,=,0,income,=,0#25220
height,<,152,age,<,35,sex,=,1,income,=,1#866
height,>,170,age,>,68,sex,=,1,income,=,1#966
height,>,180,age,<,39,sex,=,1,income,=,1#5569
height,>,180,age,<,74,sex,=,0,income,=,0#766
height,<,166,age,>,75,sex,=,1,income,=,1#5669
height,>,173,age,>,80,sex,=,0,income,=,0#5880
height,>,162,age,>,86,sex,=,0,income,=,1#14220
height,<,165,age,>,71,sex,=,0,income,=,0#1293
height,<,179,age,>,77,sex,=,1,income,=,0#2991
height,>,165,age,>,74,sex,=,0,income,=,0#4244
height,>,163,age,>,76,sex,=,1,income,=,0#3275
height,<,153,age,<,36,sex,=,1,income,=,1#86
height,<,153,age,<,43,sex,=,1,income,=,1#86
height,<,151,age,<,67,sex,=,1,income,=,1#2989
height,>,155,age,>,81,sex,=,0,income,=,0#10013
height,>,159,age,>,78,sex,=,0,income,=,1#3329
height,>,154,age,>,89,sex,=,0,income,=,0#12038
height,>,171,age,>,64,sex,=,0,income,=,1#2884
height,>,179,age,<,65,sex,=,0,income,=,0#916
height,>,179,age,<,35,sex,=,1,income,=,0#1017
height,>,160,age,>,70,sex,=,0,income,=,1#502
height,>,178,age,>,27,sex,=,1,income,=,1#49020
height,>,172,age,>,77,sex,=,1,income,=,1#8913
height,>,178,age,<,43,sex,=,1,income,=,1#2808
height,>,180,age,<,62,sex,=,0,income,=,1#2760
height,<,172,age,>,75,sex,=,1,income,=,0#3499
height,<,169,age,>,79,sex,=,0,income,=,0#7183
height,<,177,age,>,74,sex,=,1,income,=,0#1963
height,<,163,age,>,59,sex,=,1,income,=,0#2014
height,>,173,age,<,26,sex,=,1,income,=,0#59124
height,>,171,age,>,74,sex,=,0,income,=,1#4397
height,>,180,age,<,44,sex,=,1,income,=,0#961
height,>,179,age,<,64,sex,=,0,income,=,1#636
height,>,161,age,>,82,sex,=,0,income,=,1#1511
height,<,179,age,>,79,sex,=,1,income,=,1#9195
height,>,154,age,>,81,sex,=,0,income,=,1#4120
height,>,159,age,>,75,sex,=,0,income,=,1#2890
height,>,164,age,>,81,sex,=,1,income,=,0#12035
height,<,151,age,<,42,sex,=,0,income,=,1#1872
height,<,165,age,>,80,sex,=,0,income,=,1#682
height,>,158,age,>,84,sex,=,0,income,=,1#388
height,<,174,age,>,79,sex,=,1,income,=,0#5106
height,<,156,age,>,20,sex,=,0,income,=,1#225597
height,>,166,age,>,80,sex,=,0,income,=,1#12733
height,>,180,age,<,35,sex,=,1,income,=,1#5569
height,<,173,age,>,71,sex,=,1,income,=,0#1543
height,<,151,age,<,80,sex,=,0,income,=,1#1872
height,<,158,age,>,23,sex,=,1,income,=,0#297847
height,>,161,age,>,88,sex,=,0,income,=,1#8743
height,>,157,age,>,79,sex,=,1,income,=,0#5457
height,>,179,age,>,18,sex,=,0,income,=,1#636
height,<,173,age,>,72,sex,=,0,income,=,0#1683
height,>,178,age,<,52,sex,=,0,income,=,1#807
height,<,152,age,<,26,sex,=,1,income,=,1#11035
height,>,154,age,>,79,sex,=,0,income,=,0#8025
height,>,156,age,>,83,sex,=,0,income,=,1#2149
height,<,171,age,>,84,sex,=,0,income,=,0#17654
height,>,162,age,>,79,sex,=,1,income,=,1#10742
height,<,168,age,>,78,sex,=,0,income,=,0#4251
height,<,162,age,>,63,sex,=,0,income,=,1#2638
height,>,170,age,>,71,sex,=,1,income,=,1#2121
height,<,169,age,>,88,sex,=,0,income,=,1#147
height,<,152,age,<,83,sex,=,1,income,=,0#1769
height,<,152,age,<,63,sex,=,1,income,=,1#866
height,>,180,age,<,53,sex,=,1,income,=,0#961
height,>,156,age,>,88,sex,=,1,income,=,1#5857
height,<,169,age,>,77,sex,=,0,income,=,0#4750
height,<,168,age,>,71,sex,=,1,income,=,0#1114
height,>,151,age,>,81,sex,=,0,income,=,0#10013
height,>,161,age,>,78,sex,=,0,income,=,1#4293
height,<,162,age,>,82,sex,=,0,income,=,0#1932
height,>,150,age,>,68,sex,=,1,income,=,0#986
height,>,179,age,<,67,sex,=,1,income,=,0#1017
height,<,178,age,>,74,sex,=,1,income,=,0#1963
height,<,162,age,>,73,sex,=,0,income,=,0#520
height,<,151,age,<,63,sex,=,1,income,=,1#2989
height,<,170,age,>,80,sex,=,0,income,=,1#6234
height,>,173,age,>,59,sex,=,1,income,=,1#139
height,>,164,age,>,78,sex,=,1,income,=,0#6603
height,<,167,age,>,72,sex,=,1,income,=,0#271
height,<,171,age,>,70,sex,=,0,income,=,1#88
height,>,174,age,<,26,sex,=,1,income,=,1#132042
height,>,177,age,<,82,sex,=,1,income,=,1#1558
height,>,179,age,<,46,sex,=,1,income,=,1#6013
height,<,176,age,>,73,sex,=,0,income,=,1#1792
height,>,159,age,>,74,sex,=,0,income,=,1#1089
height,>,179,age,<,51,sex,=,1,income,=,1#6013
height,>,169,age,>,64,sex,=,0,income,=,1#2799
height,<,152,age,<,35,sex,=,1,income,=,0#1769
height,<,172,age,>,67,sex,=,1,income,=,0#610
height,>,179,age,<,62,sex,=,1,income,=,0#1017
height,<,174,age,>,83,sex,=,0,income,=,1#2056
height,>,153,age,>,68,sex,=,1,income,=,0#986
height,<,152,age,<,49,sex,=,1,income,=,0#1769
height,>,177,age,<,41,sex,=,1,income,=,1#1558
height,>,172,age,>,64,sex,=,0,income,=,0#2261
height,>,169,age,>,85,sex,=,0,income,=,1#18496
height,>,161,age,>,87,sex,=,1,income,=,0#10836
height,>,157,age,>,74,sex,=,0,income,=,1#1089
height,<,177,age,>,76,sex,=,1,income,=,1#8155
height,>,179,age,<,44,sex,=,1,income,=,1#6013
height,<,152,age,<,52,sex,=,1,income,=,1#866
height,<,175,age,>,73,sex,=,0,income,=,0#2586
height,>,162,age,>,76,sex,=,0,income,=,0#5397
height,>,166,age,>,76,sex,=,0,income,=,1#7115
height,<,164,age,>,70,sex,=,1,income,=,1#2397
height,<,163,age,>,78,sex,=,0,income,=,1#1203
height,>,172,age,>,57,sex,=,1,income,=,0#40
height,>,160,age,>,70,sex,=,0,income,=,1#502
height,>,180,age,<,41,sex,=,0,income,=,1#2760
height,>,172,age,>,81,sex,=,1,income,=,1#2776
height,>,173,age,>,68,sex,=,1,income,=,1#445
height,>,178,age,<,84,sex,=,0,income,=,1#807
height,<,173,age,>,80,sex,=,0,income,=,1#6136
height,>,150,age,>,81,sex,=,0,income,=,0#10013
height,<,168,age,>,81,sex,=,1,income,=,1#19604
height,>,168,age,>,61,sex,=,1,income,=,1#1759
height,<,153,age,<,55,sex,=,1,income,=,1#86
height,<,166,age,>,65,sex,=,0,income,=,1#1664
height,<,164,age,>,69,sex,=,1,income,=,0#190
height,<,152,age,<,63,sex,=,1,income,=,1#866
height,<,171,age,>,74,sex,=,1,income,=,1#4948
height,<,175,age,>,87,sex,=,1,income,=,0#5475
height,<,162,age,>,79,sex,=,1,income,=,1#2238
height,<,152,age,<,47,sex,=,1,income,=,1#866
height,>,158,age,>,78,sex,=,0,income,=,1#3329
height,<,160,age,>,25,sex,=,0,income,=,0#121898
height,>,150,age,>,74,sex,=,0,income,=,0#3039
height,<,176,age,>,70,sex,=,0,income,=,1#286
height,>,169,age,>,84,sex,=,0,income,=,1#6246
height,>,167,age,>,74,sex,=,1,income,=,0#694
height,<,179,age,>,88,sex,=,0,income,=,0#18913
height,<,165,age,>,79,sex,=,0,income,=,1#1606
height,<,176,age,>,80,sex,=,1,income,=,0#5925
height,>,179,age,<,30,sex,=,1,income,=,1#138600
height,<,157,age,>,20,sex,=,1,income,=,0#131735
height,<,177,age,>,67,sex,=,1,income,=,1#2070
height,>,180,age,<,73,sex,=,1,income,=,1#5569
height,<,161,age,>,54,sex,=,0,income,=,1#2646
height,<,153,age,<,20,sex,=,1,income,=,1#50337
height,>,164,age,>,72,sex,=,1,income,=,0#213
height,>,172,age,>,69,sex,=,0,income,=,1#2727
height,<,177,age,>,67,sex,=,1,income,=,1#2070
height,>,165,age,>,74,sex,=,1,income,=,1#3395
height,>,170,age,>,83,sex,=,0,income,=,1#6508
height,<,165,age,>,86,sex,=,0,income,=,1#599
height,>,168,age,>,85,sex,=,0,income,=,0#18182
height,>,177,age,>,25,sex,=,1,income,=,1#21765
height,>,179,age,<,47,sex,=,0,income,=,0#916
height,>,169,age,>,72,sex,=,0,income,=,0#3574
height,>,157,age,>,80,sex,=,0,income,=,1#7587
height,>,150,age,>,73,sex,=,1,income,=,1#3913
height,>,165,age,>,79,sex,=,0,income,=,1#8522
height,<,178,age,>,87,sex,=,1,income,=,1#1654
height,<,175,age,>,88,sex,=,1,income,=,0#5754
height,<,152,age,<,40,sex,=,1,income,=,0#1769
height,<,180,age,>,70,sex,=,1,income,=,1#2121
height,<,167,age,>,76,sex,=,1,income,=,0#3061
height,>,158,age,>,80,sex,=,1,income,=,0#5925
height,<,173,age,>,73,sex,=,0,income,=,1#1897
height,>,156,age,>,78,sex,=,0,income,=,1#3329
height,>,180,age,<,52,sex,=,0,income,=,1#2760
height,>,180,age,<,42,sex,=,0,income,=,1#2760
height,<,159,age,>,21,sex,=,1,income,=,1#71200
height,>,178,age,<,29,sex,=,1,income,=,1#302521
height,<,160,age,>,26,sex,=,0,income,=,1#247355
height,>,164,age,>,83,sex,=,0,income,=,1#3682
height,>,180,age,<,67,sex,=,0,income,=,1#2760
height,>,157,age,>,84,sex,=,1,income,=,0#10278
height,>,151,age,>,72,sex,=,0,income,=,1#803
height,<,167,age,>,72,sex,=,0,income,=,0#1701
height,>,153,age,>,74,sex,=,0,income,=,1#1089
height,>,150,age,>,89,sex,=,0,income,=,0#12038
height,<,166,age,>,64,sex,=,1,income,=,1#1299
height,<,180,age,>,88,sex,=,0,income,=,0#18913
height,>,176,age,<,29,sex,=,1,income,=,1#67594
height,>,172,age,>,70,sex,=,1,income,=,0#642
height,<,167,age,>,84,sex,=,1,income,=,0#16370
height,<,181,age,>,68,sex,=,1,income,=,1#2107
height,>,168,age,>,62,sex,=,1,income,=,1#2106
height,<,151,age,<,86,sex,=,0,income,=,0#4254
height,>,172,age,>,64,sex,=,1,income,=,0#264
height,<,151,age,<,35,sex,=,0,income,=,1#1872
height,<,167,age,>,64,sex,=,1,income,=,0#708
height,<,151,age,<,62,sex,=,1,income,=,1#2989
height,>,180,age,<,53,sex,=,0,income,=,1#2760
height,>,169,age,>,85,sex,=,1,income,=,0#2177
height,>,158,age,>,67,sex,=,1,income,=,1#2070
height,<,153,age,<,49,sex,=,1,income,=,1#86
height,>,173,age,>,72,sex,=,0,income,=,1#643
height,<,168,age,>,66,sex,=,1,income,=,1#857
height,>,167,age,<,20,sex,=,1,income,=,1#11290
height,>,179,age,<,65,sex,=,0,income,=,1#636
height,>,177,age,<,28,sex,=,0,income,=,1#414334
height,>,162,age,>,70,sex,=,1,income,=,0#1314
height,>,162,age,>,76,sex,=,0,income,=,0#5397
height,<,164,age,>,65,sex,=,0,income,=,1#2317
height,<,168,age,>,69,sex,=,1,income,=,1#1171
height,<,151,age,<,40,sex,=,0,income,=,1#1872
height,>,154,age,>,71,sex,=,1,income,=,0#944
height,>,154,age,>,83,sex,=,1,income,=,0#10343
height,<,151,age,<,22,sex,=,0,income,=,1#39014
height,<,163,age,>,83,sex,=,0,income,=,0#7157
height,>,160,age,>,72,sex,=,0,income,=,0#2010
height,>,176,age,<,29,sex,=,1,income,=,0#65687
height,>,180,age,>,25,sex,=,1,income,=,1#24932
height,<,152,age,<,85,sex,=,1,income,=,0#1769
height,>,173,age,>,82,sex,=,0,income,=,0#766
height,<,161,age,>,74,sex,=,0,income,=,1#3841
height,>,173,age,>,55,sex,=,1,income,=,1#257
height,<,153,age,<,31,sex,=,1,income,=,1#86
height,<,167,age,>,82,sex,=,1,income,=,0#15833
height,>,172,age,>,75,sex,=,0,income,=,0#3952
height,<,181,age,>,86,sex,=,1,income,=,0#5455
height,>,179,age,<,42,sex,=,1,income,=,1#6013
height,>,158,age,>,88,sex,=,1,income,=,1#5857
height,>,164,age,>,87,sex,=,0,income,=,1#27367
height,>,172,age,>,61,sex,=,1,income,=,1#2295
height,>,154,age,>,74,sex,=,1,income,=,0#1963
height,<,176,age,>,71,sex,=,1,income,=,0#944
height,>,173,age,>,77,sex,=,0,income,=,0#2172
height,>,166,age,>,66,sex,=,1,income,=,1#2726
height,<,177,age,>,70,sex,=,1,income,=,1#2121
height,<,179,age,>,79,sex,=,1,income,=,1#9195
height,>,173,age,<,24,sex,=,0,income,=,0#140423
height,>,158,age,>,77,sex,=,1,income,=,1#8829
height,>,173,age,>,76,sex,=,1,income,=,0#7847
height,>,168,age,>,85,sex,=,0,income,=,0#18182
height,<,167,age,>,70,sex,=,0,income,=,0#950
height,>,178,age,<,84,sex,=,0,income,=,1#807
height,>,158,age,>,69,sex,=,1,income,=,1#2217
height,<,167,age,>,74,sex,=,0,income,=,1#3818
height,>,172,age,>,70,sex,=,1,income,=,1#14
height,>,178,age,<,62,sex,=,1,income,=,1#2808
height,>,178,age,<,44,sex,=,1,income,=,1#2808
height,>,155,age,>,80,sex,=,0,income,=,1#7587
height,<,164,age,>,76,sex,=,0,income,=,1#3457
height,<,164,age,>,66,sex,=,0,income,=,1#1657
height,>,178,age,>,27,sex,=,1,income,=,0#48047
height,<,167,age,>,78,sex,=,1,income,=,1#7230
height,>,157,age,>,85,sex,=,0,income,=,1#879
height,<,151,age,<,60,sex,=,1,income,=,1#2989
height,<,178,age,>,87,sex,=,0,income,=,0#16607
height,<,152,age,<,19,sex,=,1,income,=,1#56268
height,<,174,age,>,82,sex,=,1,income,=,0#11537
height,>,180,age,<,46,sex,=,1,income,=,1#5569
height,>,178,age,<,59,sex,=,1,income,=,0#951
height,<,177,age,>,87,sex,=,0,income,=,1#10291
height,>,152,age,>,83,sex,=,0,income,=,0#14063
height,>,168,age,>,66,sex,=,0,income,=,1#2901
height,>,166,age,>,80,sex,=,1,income,=,0#10982
height,<,174,age,>,73,sex,=,0,income,=,0#2873
height,>,172,age,>,64,sex,=,0,income,=,0#2261
height,>,173,age,>,68,sex,=,0,income,=,0#249
height,>,167,age,>,81,sex,=,0,income,=,0#9736
height,>,170,age,>,83,sex,=,0,income,=,0#8970
height,>,178,age,<,40,sex,=,1,income,=,0#951
height,>,160,age,>,80,sex,=,0,income,=,0#7830
height,>,165,age,>,70,sex,=,1,income,=,0#1227
height,>,169,age,>,84,sex,=,1,income,=,0#2019
height,>,166,age,>,77,sex,=,1,income,=,0#3750
height,<,169,age,>,84,sex,=,0,income,=,0#16545
height,<,165,age,>,81,sex,=,1,income,=,1#6888
height,>,158,age,>,86,sex,=,1,income,=,0#5455
height,>,170,age,>,83,sex,=,1,income,=,0#139
height,>,152,age,>,84,sex,=,1,income,=,0#10278
height,<,166,age,>,80,sex,=,1,income,=,1#6789
height,>,154,age,>,88,sex,=,0,income,=,1#4516
height,<,173,age,>,79,sex,=,1,income,=,1#10344
height,>,171,age,>,79,sex,=,1,income,=,0#9008
height,>,167,age,>,83,sex,=,0,income,=,1#2407
height,>,165,age,>,85,sex,=,1,income,=,0#8519
height,<,165,age,>,75,sex,=,1,income,=,1#1349
height,>,153,age,>,77,sex,=,1,income,=,1#8829
height,<,169,age,>,88,sex,=,0,income,=,0#13077
height,>,162,age,>,84,sex,=,1,income,=,1#8910
height,<,177,age,>,88,sex,=,1,income,=,1#5857
height,<,163,age,>,62,sex,=,1,income,=,1#1217
height,<,152,age,<,69,sex,=,1,income,=,0#1769
height,>,168,age,>,72,sex,=,0,income,=,1#3154
height,<,181,age,>,73,sex,=,1,income,=,1#3913
height,<,169,age,>,73,sex,=,1,income,=,1#5731
height,>,158,age,>,83,sex,=,0,income,=,1#2149
height,<,174,age,>,84,sex,=,0,income,=,1#77
height,<,178,age,>,73,sex,=,0,income,=,0#2586
height,>,164,age,>,83,sex,=,0,income,=,1#3682
height,<,167,age,>,79,sex,=,0,income,=,1#2871
height,>,178,age,>,24,sex,=,1,income,=,1#13629
height,>,171,age,>,75,sex,=,1,income,=,1#5900
height,>,180,age,>,25,sex,=,0,income,=,1#22700
height,<,151,age,<,38,sex,=,0,income,=,1#1872
height,>,163,age,>,71,sex,=,0,income,=,1#2152
height,<,174,age,>,70,sex,=,0,income,=,1#456
height,<,180,age,>,76,sex,=,0,income,=,0#4756
height,>,154,age,>,77,sex,=,0,income,=,0#5804
height,<,169,age,>,71,sex,=,0,income,=,0#557
height,>,157,age,>,74,sex,=,1,income,=,0#1963
height,<,167,age,>,67,sex,=,1,income,=,1#646
height,<,164,age,>,65,sex,=,1,income,=,0#730
height,<,173,age,>,87,sex,=,1,income,=,1#5014
height,<,152,age,<,67,sex,=,1,income,=,1#866
height,>,179,age,>,18,sex,=,1,income,=,1#6013
height,<,152,age,<,51,sex,=,1,income,=,0#1769
height,<,180,age,>,86,sex,=,1,income,=,1#15030
height,>,156,age,>,75,sex,=,1,income,=,1#6429
height,<,170,age,>,77,sex,=,0,income,=,1#2118
height,>,153,age,>,87,sex,=,0,income,=,1#10291
height,>,164,age,>,72,sex,=,0,income,=,0#2394
height,<,175,age,>,75,sex,=,0,income,=,1#2890
height,>,170,age,>,83,sex,=,0,income,=,0#8970
height,<,151,age,<,39,sex,=,0,income,=,0#4254
height,>,179,age,<,44,sex,=,0,income,=,0#916
height,>,171,age,>,82,sex,=,1,income,=,1#9882
height,>,170,age,>,78,sex,=,1,income,=,0#3347
height,<,171,age,>,81,sex,=,1,income,=,1#12085
height,>,172,age,>,68,sex,=,0,income,=,1#3273
height,>,157,age,>,84,sex,=,0,income,=,0#17372
height,>,150,age,>,73,sex,=,0,income,=,0#2586
height,<,173,age,>,84,sex,=,0,income,=,1#2869
height,>,171,age,>,61,sex,=,0,income,=,1#2826
height,>,161,age,>,70,sex,=,1,income,=,0#1680
height,>,177,age,<,46,sex,=,1,income,=,1#1558
height,>,159,age,>,76,sex,=,1,income,=,0#2581
height,>,176,age,<,27,sex,=,1,income,=,1#473098
height,>,163,age,>,86,sex,=,1,income,=,0#14275
height,<,177,age,>,81,sex,=,0,income,=,0#10013
height,<,151,age,<,41,sex,=,0,income,=,1#1872
height,>,179,age,<,74,sex,=,1,income,=,0#1017
height,>,158,age,>,80,sex,=,0,income,=,0#8050
height,<,167,age,>,79,sex,=,1,income,=,1#8759
height,<,175,age,>,72,sex,=,0,income,=,1#803
height,<,179,age,>,83,sex,=,0,income,=,1#2149
height,<,181,age,>,81,sex,=,1,income,=,1#9899
height,>,153,age,>,73,sex,=,0,income,=,1#1792
height,>,179,age,<,78,sex,=,1,income,=,0#1017
height,<,168,age,>,75,sex,=,1,income,=,0#4795
height,<,176,age,>,82,sex,=,1,income,=,1#14193
height,<,169,age,>,79,sex,=,0,income,=,1#5287
height,<,169,age,>,73,sex,=,0,income,=,1#6
height,<,161,age,>,74,sex,=,0,income,=,0#2152
height,<,162,age,>,73,sex,=,0,income,=,0#520
height,>,157,age,>,84,sex,=,1,income,=,1#8381
height,>,157,age,>,84,sex,=,0,income,=,1#388
height,<,180,age,>,80,sex,=,1,income,=,0#5925
height,<,169,age,>,82,sex,=,0,income,=,1#68
height,>,161,age,>,79,sex,=,1,income,=,1#10324
height,>,177,age,<,50,sex,=,1,income,=,1#1558
height,<,151,age,<,19,sex,=,0,income,=,0#60828
height,<,151,age,<,58,sex,=,1,income,=,1#2989
height,>,158,age,>,67,sex,=,1,income,=,1#2070
height,>,161,age,>,89,sex,=,0,income,=,1#6758
height,<,171,age,>,72,sex,=,1,income,=,1#1363
height,>,159,age,>,71,sex,=,0,income,=,1#156
height,>,166,age,>,82,sex,=,0,income,=,1#6614
height,>,162,age,>,74,sex,=,1,income,=,1#3586
height,>,151,age,>,86,sex,=,1,income,=,0#5455
height,>,167,age,>,86,sex,=,0,income,=,0#29881
height,>,180,age,<,63,sex,=,1,income,=,0#961
height,<,164,age,>,85,sex,=,1,income,=,0#8750
height,<,179,age,>,80,sex,=,1,income,=,1#10071
height,<,165,age,>,73,sex,=,0,income,=,1#3305
height,<,170,age,>,66,sex,=,1,income,=,0#640
height,>,155,age,>,80,sex,=,1,income,=,0#5925
height,>,179,age,>,20,sex,=,1,income,=,1#6013
height,>,169,age,>,77,sex,=,1,income,=,0#929
height,>,164,age,>,75,sex,=,0,income,=,1#5581
height,<,161,age,>,62,sex,=,1,income,=,1#439
height,<,166,age,>,70,sex,=,1,income,=,0#362
height,>,153,age,>,77,sex,=,0,income,=,1#3186
height,<,165,age,>,69,sex,=,0,income,=,1#3115
height,>,157,age,>,81,sex,=,1,income,=,1#9899
height,<,152,age,<,47,sex,=,1,income,=,0#1769
height,<,156,age,>,22,sex,=,1,income,=,0#968800
height,<,172,age,>,79,sex,=,0,income,=,1#7350
height,>,179,age,<,43,sex,=,0,income,=,0#916
height,<,151,age,<,88,sex,=,1,income,=,1#2989
height,>,157,age,>,86,sex,=,0,income,=,1#8630
height,<,180,age,>,89,sex,=,0,income,=,0#12038
height,>,180,age,<,40,sex,=,1,income,=,0#961
height,>,153,age,>,76,sex,=,0,income,=,1#3614
height,<,152,age,<,61,sex,=,1,income,=,0#1769
height,>,157,age,>,75,sex,=,0,income,=,1#2890
height,<,179,age,>,72,sex,=,0,income,=,1#803
height,>,171,age,>,83,sex,=,0,income,=,0#956
height,<,175,age,>,86,sex,=,1,income,=,0#5455
height,<,151,age,<,72,sex,=,1,income,=,0#3936
height,>,172,age,>,66,sex,=,0,income,=,1#2536
height,>,158,age,>,82,sex,=,0,income,=,0#14933
height,>,172,age,>,72,sex,=,1,income,=,1#3254
height,>,169,age,<,20,sex,=,1,income,=,0#453282
height,<,165,age,>,78,sex,=,1,income,=,0#143
height,>,165,age,>,79,sex,=,1,income,=,0#10949
height,>,170,age,<,22,sex,=,0,income,=,1#2056
height,>,178,age,<,33,sex,=,1,income,=,0#951
height,<,165,age,>,65,sex,=,1,income,=,1#254
height,<,156,age,>,18,sex,=,1,income,=,1#87713
height,>,179,age,<,47,sex,=,0,income,=,1#636
height,<,161,age,>,79,sex,=,0,income,=,0#7458
height,>,170,age,<,22,sex,=,1,income,=,1#2529
height,<,165,age,>,85,sex,=,0,income,=,1#9439
height,>,171,age,>,78,sex,=,1,income,=,0#3517
height,<,155,age,>,18,sex,=,1,income,=,0#129114
height,>,154,age,>,85,sex,=,1,income,=,0#5791
height,>,172,age,>,55,sex,=,1,income,=,1#261
height,<,152,age,<,28,sex,=,1,income,=,1#2890
height,>,167,age,>,75,sex,=,0,income,=,1#7164
height,>,176,age,>,29,sex,=,0,income,=,1#46392
height,>,179,age,<,81,sex,=,1,income,=,0#1017
height,<,180,age,>,85,sex,=,1,income,=,0#5791
height,>,167,age,>,85,sex,=,1,income,=,1#6804
height,>,164,age,>,78,sex,=,1,income,=,1#13419
height,>,167,age,>,66,sex,=,1,income,=,0#1595
height,<,180,age,>,82,sex,=,0,income,=,1#1855
height,>,154,age,>,73,sex,=,1,income,=,1#3913
height,<,167,age,>,79,sex,=,1,income,=,1#8759
height,>,179,age,<,63,sex,=,1,income,=,0#1017
height,<,178,age,>,72,sex,=,0,income,=,0#1776
height,>,180,age,<,65,sex,=,1,income,=,0#961
height,<,166,age,>,76,sex,=,1,income,=,1#3672
height,<,152,age,<,84,sex,=,1,income,=,1#866
height,<,152,age,<,66,sex,=,1,income,=,1#866
height,>,168,age,>,65,sex,=,1,income,=,0#995
height,>,164,age,>,72,sex,=,0,income,=,0#2394
height,>,150,age,>,75,sex,=,0,income,=,0#4445
height,<,151,age,<,71,sex,=,1,income,=,1#2989
height,>,172,age,<,27,sex,=,1,income,=,1#20061
height,<,162,age,>,59,sex,=,0,income,=,1#2952
height,<,161,age,>,64,sex,=,0,income,=,0#1291
height,<,151,age,<,88,sex,=,0,income,=,0#4254
height,>,172,age,>,65,sex,=,0,income,=,0#936
height,<,164,age,>,68,sex,=,0,income,=,0#219
height,>,167,age,>,82,sex,=,1,income,=,0#10304
height,<,164,age,>,65,sex,=,1,income,=,1#36
height,<,175,age,>,84,sex,=,1,income,=,0#10278
height,<,163,age,>,77,sex,=,1,income,=,1#6890
height,<,162,age,>,66,sex,=,0,income,=,0#1141
height,<,151,age,<,66,sex,=,1,income,=,1#2989
height,>,158,age,>,84,sex,=,1,income,=,0#10278
height,>,177,age,<,38,sex,=,1,income,=,1#1558
height,>,169,age,>,83,sex,=,0,income,=,0#12092
height,<,166,age,>,69,sex,=,0,income,=,0#82
height,<,152,age,<,83,sex,=,1,income,=,0#1769
height,>,172,age,>,67,sex,=,0,income,=,1#2733
height,>,151,age,>,76,sex,=,0,income,=,1#3614
height,>,179,age,<,54,sex,=,1,income,=,0#1017
height,<,171,age,>,65,sex,=,1,income,=,1#713
height,>,173,age,>,54,sex,=,0,income,=,1#1198
height,>,163,age,>,78,sex,=,0,income,=,1#4318
height,<,172,age,>,70,sex,=,0,income,=,1#258
height,>,162,age,>,79,sex,=,0,income,=,1#8393
height,<,171,age,>,81,sex,=,1,income,=,0#9627
height,>,154,age,>,84,sex,=,0,income,=,0#17372
height,>,154,age,>,88,sex,=,1,income,=,0#5754
height,>,154,age,>,67,sex,=,1,income,=,1#2070
height,<,169,age,>,81,sex,=,0,income,=,0#11009
height,<,168,age,>,71,sex,=,1,income,=,0#1114
height,<,173,age,>,82,sex,=,0,income,=,1#347
height,>,158,age,>,68,sex,=,1,income,=,0#986
height,<,174,age,>,82,sex,=,0,income,=,1#1459
height,>,173,age,>,71,sex,=,1,income,=,1#1228
height,<,164,age,>,66,sex,=,0,income,=,1#1657
height,>,179,age,<,80,sex,=,0,income,=,0#916
height,<,151,age,<,68,sex,=,1,income,=,1#2989
height,>,158,age,>,68,sex,=,1,income,=,0#986
height,>,170,age,>,76,sex,=,0,income,=,1#5069
height,>,180,age,<,76,sex,=,0,income,=,0#766
height,>,172,age,>,70,sex,=,0,income,=,1#1377
height,<,165,age,>,68,sex,=,1,income,=,0#898
height,<,174,age,>,83,sex,=,1,income,=,0#10432
height,<,161,age,>,70,sex,=,0,income,=,0#23
height,>,168,age,>,65,sex,=,1,income,=,0#995
height,<,175,age,>,73,sex,=,0,income,=,0#2586
height,<,172,age,>,77,sex,=,1,income,=,1#7869
height,>,172,age,>,65,sex,=,1,income,=,1#2823
height,<,151,age,<,19,sex,=,1,income,=,0#60698
height,>,160,age,>,80,sex,=,0,income,=,0#7830
height,>,158,age,>,70,sex,=,1,income,=,0#886
height,<,151,age,<,53,sex,=,1,income,=,0#3936
height,>,170,age,>,82,sex,=,1,income,=,1#11699
height,>,163,age,>,70,sex,=,0,income,=,0#2102
height,>,179,age,<,64,sex,=,1,income,=,0#1017
height,>,170,age,>,63,sex,=,1,income,=,0#1419
height,>,153,age,>,86,sex,=,1,income,=,1#15030
height,<,162,age,>,66,sex,=,1,income,=,1#111
height,<,165,age,>,75,sex,=,0,income,=,0#1071
height,<,151,age,<,45,sex,=,0,income,=,1#1872
height,<,162,age,>,63,sex,=,1,income,=,1#2916
height,>,161,age,>,88,sex,=,0,income,=,1#8743
height,<,175,age,>,82,sex,=,0,income,=,1#1855
height,>,179,age,<,90,sex,=,1,income,=,1#6013
height,<,174,age,>,87,sex,=,1,income,=,0#3468
height,>,179,age,<,52,sex,=,1,income,=,0#1017
height,<,161,age,>,65,sex,=,0,income,=,0#1983
height,>,155,age,>,72,sex,=,1,income,=,0#669
height,<,165,age,>,77,sex,=,0,income,=,1#2576
height,<,163,age,>,78,sex,=,0,income,=,1#1203
height,>,179,age,<,85,sex,=,1,income,=,0#1017
height,>,168,age,>,64,sex,=,1,income,=,0#1548
height,<,164,age,>,70,sex,=,1,income,=,0#272
height,<,180,age,>,71,sex,=,1,income,=,1#2094
height,>,163,age,>,87,sex,=,0,income,=,1#25584
height,>,170,age,>,76,sex,=,0,income,=,1#5069
height,>,171,age,>,67,sex,=,0,income,=,0#3026
height,>,168,age,>,74,sex,=,0,income,=,0#4097
height,>,154,age,>,75,sex,=,1,income,=,1#6429
height,<,153,age,<,38,sex,=,1,income,=,1#86
height,<,151,age,<,39,sex,=,1,income,=,0#3936
height,<,152,age,<,90,sex,=,1,income,=,1#866
height,>,180,age,>,23,sex,=,0,income,=,0#4083
height,<,171,age,>,71,sex,=,1,income,=,1#2083
height,>,173,age,<,24,sex,=,0,income,=,1#149815
height,>,159,age,>,73,sex,=,0,income,=,1#1792
height,>,179,age,>,27,sex,=,0,income,=,1#47906
height,>,166,age,>,81,sex,=,1,income,=,0#9458
height,>,179,age,<,44,sex,=,1,income,=,1#6013
height,>,179,age,<,41,sex,=,0,income,=,1#636
height,<,166,age,>,73,sex,=,1,income,=,0#2116
height,<,177,age,>,77,sex,=,1,income,=,1#8829
height,<,181,age,>,79,sex,=,0,income,=,1#6767
height,>,170,age,>,78,sex,=,0,income,=,0#3082
height,>,173,age,>,61,sex,=,0,income,=,0#859
height,>,159,age,>,86,sex,=,1,income,=,1#15030
height,>,150,age,>,75,sex,=,0,income,=,1#2890
height,<,153,age,<,62,sex,=,1,income,=,1#86
height,<,181,age,>,84,sex,=,1,income,=,0#10278
height,<,152,age,<,19,sex,=,1,income,=,1#56268
height,<,162,age,>,70,sex,=,0,income,=,1#3295
height,>,169,age,>,72,sex,=,1,income,=,0#1155
height,>,168,age,>,81,sex,=,0,income,=,1#9334
height,>,179,age,<,45,sex,=,1,income,=,0#1017
height,<,174,age,>,76,sex,=,0,income,=,1#3799
height,>,172,age,>,79,sex,=,0,income,=,1#11506
height,>,164,age,>,84,sex,=,1,income,=,1#4953
height,<,159,age,>,25,sex,=,0,income,=,1#426664
height,<,152,age,<,19,sex,=,1,income,=,1#56268
height,<,168,age,>,74,sex,=,1,income,=,0#3127
height,>,155,age,>,72,sex,=,1,income,=,0#669
height,<,166,age,>,67,sex,=,1,income,=,0#738
height,>,151,age,>,77,sex,=,1,income,=,1#8829
height,<,151,age,<,32,sex,=,0,income,=,1#1872
height,>,159,age,>,72,sex,=,1,income,=,1#962
height,>,155,age,>,77,sex,=,1,income,=,1#8829
height,>,150,age,>,75,sex,=,1,income,=,1#6429
height,>,179,age,<,38,sex,=,1,income,=,1#6013
height,<,165,age,>,69,sex,=,0,income,=,1#3115
height,>,169,age,>,77,sex,=,1,income,=,1#15366
height,>,154,age,>,76,sex,=,0,income,=,1#3614
height,>,170,age,>,81,sex,=,0,income,=,1#5761
height,<,156,age,>,20,sex,=,0,income,=,1#225597
height,>,178,age,<,57,sex,=,1,income,=,0#951
height,>,180,age,<,90,sex,=,1,income,=,0#961
height,>,179,age,<,54,sex,=,1,income,=,0#1017
height,>,155,age,>,87,sex,=,0,income,=,0#16607
height,>,150,age,>,70,sex,=,1,income,=,1#2121
height,>,150,age,>,88,sex,=,1,income,=,1#5857
height,>,166,age,>,71,sex,=,0,income,=,0#1582
height,>,155,age,>,85,sex,=,1,income,=,1#8954
height,>,158,age,>,72,sex,=,1,income,=,0#669
height,<,168,age,>,83,sex,=,0,income,=,1#1919
height,<,151,age,<,34,sex,=,0,income,=,0#4254
height,>,179,age,<,54,sex,=,0,income,=,0#916
height,<,162,age,>,59,sex,=,0,income,=,1#2952
height,<,173,age,>,71,sex,=,0,income,=,0#1454
height,<,167,age,>,69,sex,=,0,income,=,1#2448
height,>,166,age,>,76,sex,=,1,income,=,0#2176
height,<,178,age,>,87,sex,=,1,income,=,0#5475
height,>,179,age,<,46,sex,=,1,income,=,1#6013
height,<,168,age,>,84,sex,=,1,income,=,0#14937
height,>,172,age,>,81,sex,=,1,income,=,1#2776
height,<,156,age,>,22,sex,=,0,income,=,0#1042628
height,>,178,age,>,22,sex,=,0,income,=,1#1930
height,<,151,age,<,19,sex,=,1,income,=,0#60698
height,>,161,age,>,85,sex,=,1,income,=,1#9917
height,<,170,age,>,86,sex,=,0,income,=,1#1786
height,>,171,age,>,65,sex,=,0,income,=,1#2703
height,>,162,age,>,88,sex,=,0,income,=,0#24247
height,<,177,age,>,89,sex,=,0,income,=,1#8306
height,<,178,age,>,85,sex,=,0,income,=,1#879
height,>,178,age,<,87,sex,=,1,income,=,1#2808
height,>,156,age,>,88,sex,=,1,income,=,1#5857
height,>,162,age,>,70,sex,=,1,income,=,1#1997
height,<,163,age,>,82,sex,=,1,income,=,0#4044
height,<,162,age,>,80,sex,=,0,income,=,1#1207
height,>,162,age,>,82,sex,=,0,income,=,1#2551
height,>,163,age,>,89,sex,=,0,income,=,0#14279
height,>,173,age,>,69,sex,=,1,income,=,1#1147
height,>,153,age,>,80,sex,=,0,income,=,1#7587
height,<,157,age,>,22,sex,=,1,income,=,1#347468
height,<,161,age,>,74,sex,=,1,income,=,0#5779
height,>,179,age,<,37,sex,=,1,income,=,0#1017
height,>,150,age,>,69,sex,=,1,income,=,1#2217
height,<,169,age,>,72,sex,=,1,income,=,0#368
height,<,169,age,>,70,sex,=,0,income,=,1#1108
height,<,164,age,>,75,sex,=,0,income,=,0#1166
height,>,168,age,>,82,sex,=,0,income,=,0#16168
height,<,156,age,>,20,sex,=,0,income,=,1#225597
height,>,168,age,>,86,sex,=,0,income,=,1#28094
height,<,163,age,>,81,sex,=,1,income,=,1#13403
height,>,168,age,>,70,sex,=,0,income,=,0#3001
height,>,172,age,>,81,sex,=,0,income,=,1#14528
height,<,171,age,>,75,sex,=,0,income,=,0#4511
height,<,152,age,<,73,sex,=,1,income,=,0#1769
height,>,173,age,>,78,sex,=,0,income,=,1#2734
height,<,161,age,>,65,sex,=,1,income,=,1#889
height,>,161,age,>,74,sex,=,1,income,=,1#4188
height,<,161,age,>,53,sex,=,1,income,=,0#1603
height,<,151,age,<,82,sex,=,0,income,=,1#1872
height,>,169,age,>,82,sex,=,0,income,=,1#4521
height,>,166,age,>,76,sex,=,0,income,=,0#4785
height,<,169,age,>,81,sex,=,0,income,=,0#11009
height,<,174,age,>,77,sex,=,0,income,=,1#3478
height,>,167,age,>,78,sex,=,1,income,=,1#8456
height,>,175,age,<,27,sex,=,1,income,=,0#171588
height,>,163,age,>,68,sex,=,1,income,=,0#1902
height,>,172,age,<,25,sex,=,0,income,=,1#11816
height,>,173,age,>,51,sex,=,1,income,=,0#1553
height,>,179,age,<,69,sex,=,1,income,=,0#1017
height,<,164,age,>,63,sex,=,0,income,=,1#2920
height,>,150,age,>,81,sex,=,1,income,=,1#9899
height,<,179,age,>,77,sex,=,1,income,=,1#8829
height,<,177,age,>,83,sex,=,1,income,=,1#7908
height,<,167,age,>,78,sex,=,1,income,=,0#1203
height,>,168,age,>,69,sex,=,1,income,=,0#3594
height,<,151,age,<,68,sex,=,1,income,=,1#2989
height,>,178,age,<,51,sex,=,1,income,=,1#2808
height,>,179,age,<,60,sex,=,1,income,=,1#6013
height,>,169,age,>,76,sex,=,0,income,=,1#5760
height,<,168,age,>,63,sex,=,1,income,=,1#2151
height,>,155,age,>,68,sex,=,1,income,=,0#986
height,<,153,age,<,83,sex,=,1,income,=,1#86
height,>,157,age,>,74,sex,=,0,income,=,1#1089
height,<,153,age,<,47,sex,=,1,income,=,1#86
height,<,172,age,>,76,sex,=,0,income,=,1#2784
height,>,172,age,>,66,sex,=,1,income,=,1#3733
height,<,175,age,>,71,sex,=,1,income,=,0#944
height,<,166,age,>,80,sex,=,1,income,=,1#6789
height,>,154,age,>,79,sex,=,1,income,=,0#5457
height,<,152,age,<,35,sex,=,1,income,=,0#1769
height,>,159,age,>,77,sex,=,0,income,=,0#5804
height,<,162,age,>,81,sex,=,0,income,=,1#256
height,>,166,age,>,74,sex,=,0,income,=,1#5673
height,<,170,age,>,70,sex,=,1,income,=,1#2363
height,>,180,age,<,83,sex,=,0,income,=,0#766
height,>,178,age,<,48,sex,=,1,income,=,0#951
height,<,175,age,>,88,sex,=,1,income,=,0#5754
height,<,166,age,>,67,sex,=,1,income,=,0#738
height,>,180,age,<,65,sex,=,0,income,=,0#766
height,>,159,age,>,80,sex,=,0,income,=,1#7587
height,<,163,age,>,67,sex,=,1,income,=,1#1330
height,>,173,age,>,55,sex,=,0,income,=,1#2003
height,>,154,age,>,72,sex,=,1,income,=,0#669
height,<,165,age,>,73,sex,=,0,income,=,1#3305
height,>,173,age,>,65,sex,=,0,income,=,0#1158
height,>,150,age,>,81,sex,=,1,income,=,1#9899
height,<,174,age,>,68,sex,=,1,income,=,0#1316
height,>,178,age,<,90,sex,=,0,income,=,1#807
height,<,153,age,>,18,sex,=,1,income,=,1#325579
height,<,161,age,>,57,sex,=,1,income,=,1#3467
height,>,162,age,>,83,sex,=,0,income,=,1#2305
height,<,151,age,<,46,sex,=,0,income,=,0#4254
height,>,169,age,<,22,sex,=,1,income,=,0#1934
height,>,165,age,>,80,sex,=,1,income,=,0#11968
height,>,178,age,<,64,sex,=,0,income,=,1#807
height,>,160,age,>,82,sex,=,1,income,=,0#9660
height,<,177,age,>,70,sex,=,1,income,=,1#2121
height,>,180,age,<,61,sex,=,1,income,=,1#5569
height,<,152,age,<,71,sex,=,1,income,=,0#1769
height,>,157,age,>,89,sex,=,0,income,=,0#12038
height,>,178,age,<,49,sex,=,1,income,=,0#951
height,>,170,age,<,23,sex,=,0,income,=,0#29616
height,<,174,age,>,77,sex,=,0,income,=,0#6077
height,<,153,age,<,62,sex,=,1,income,=,1#86
height,<,168,age,>,70,sex,=,1,income,=,0#448
height,<,164,age,>,78,sex,=,0,income,=,1#644
height,<,161,age,>,78,sex,=,1,income,=,0#88
height,<,153,age,<,85,sex,=,1,income,=,1#86
height,<,170,age,>,84,sex,=,0,income,=,1#3466
height,>,154,age,>,79,sex,=,1,income,=,0#5457
height,<,161,age,>,62,sex,=,0,income,=,1#1385
height,>,173,age,>,54,sex,=,0,income,=,1#1198
height,<,151,age,<,78,sex,=,0,income,=,1#1872
height,<,177,age,>,66,sex,=,1,income,=,1#1683
height,>,154,age,>,76,sex,=,1,income,=,1#8155
height,>,180,age,<,61,sex,=,1,income,=,1#5569
height,>,173,age,>,55,sex,=,1,income,=,0#68
height,<,151,age,<,84,sex,=,0,income,=,0#4254
height,>,161,age,>,69,sex,=,1,income,=,0#2212
height,>,164,age,>,88,sex,=,0,income,=,0#32254
height,>,179,age,<,48,sex,=,0,income,=,0#916
height,<,170,age,>,85,sex,=,0,income,=,0#24010
height,>,180,age,<,76,sex,=,1,income,=,1#5569
height,>,173,age,>,77,sex,=,1,income,=,0#7241
height,<,151,age,<,36,sex,=,0,income,=,0#4254
height,>,170,age,>,79,sex,=,1,income,=,1#10029
height,<,178,age,>,84,sex,=,0,income,=,1#388
height,<,172,age,>,67,sex,=,1,income,=,1#2272
height,<,161,age,>,62,sex,=,0,income,=,0#161
height,<,169,age,>,67,sex,=,0,income,=,1#526
height,<,181,age,>,85,sex,=,1,income,=,0#5791
height,<,179,age,>,82,sex,=,1,income,=,1#14193
height,<,180,age,>,76,sex,=,0,income,=,0#4756
height,<,166,age,>,84,sex,=,0,income,=,0#8437
height,<,170,age,>,89,sex,=,0,income,=,0#6372
height,<,168,age,>,85,sex,=,0,income,=,1#6108
height,>,180,age,<,86,sex,=,0,income,=,0#766
height,>,169,age,<,21,sex,=,0,income,=,0#81045
height,<,151,age,<,70,sex,=,0,income,=,0#4254
height,>,177,age,<,69,sex,=,1,income,=,1#1558
height,>,172,age,<,27,sex,=,1,income,=,1#20061
height,<,181,age,>,83,sex,=,0,income,=,0#14063
height,>,152,age,>,79,sex,=,1,income,=,0#5457
height,<,179,age,>,88,sex,=,0,income,=,1#4516
height,>,165,age,>,76,sex,=,1,income,=,0#3493
height,>,166,age,>,73,sex,=,1,income,=,1#3848
height,<,166,age,>,71,sex,=,0,income,=,0#161
height,<,166,age,>,64,sex,=,1,income,=,1#1299
height,<,175,age,>,81,sex,=,1,income,=,1#9899
height,>,178,age,<,68,sex,=,1,income,=,0#951
height,>,166,age,>,77,sex,=,0,income,=,0#4751
height,<,172,age,>,68,sex,=,1,income,=,0#479
height,>,179,age,>,25,sex,=,0,income,=,0#21272
height,<,168,age,>,66,sex,=,1,income,=,0#331
height,>,165,age,>,82,sex,=,0,income,=,0#19222
height,<,151,age,<,65,sex,=,1,income,=,1#2989
height,<,153,age,<,60,sex,=,1,income,=,1#86
height,<,163,age,>,63,sex,=,1,income,=,0#1702
height,>,179,age,<,59,sex,=,0,income,=,1#636
height,<,170,age,>,82,sex,=,1,income,=,0#14842
height,>,180,age,<,82,sex,=,0,income,=,1#2760
height,>,154,age,>,78,sex,=,1,income,=,0#4301
height,>,170,age,>,64,sex,=,0,income,=,1#2305
height,>,179,age,<,35,sex,=,1,income,=,0#1017
height,>,150,age,>,85,sex,=,1,income,=,0#5791
height,<,170,age,>,65,sex,=,1,income,=,1#686
height,>,158,age,>,86,sex,=,0,income,=,0#25220
height,<,173,age,>,73,sex,=,0,income,=,1#1897
height,>,172,age,<,25,sex,=,0,income,=,0#13785
height,<,153,age,<,76,sex,=,1,income,=,1#86
height,<,168,age,>,75,sex,=,1,income,=,1#6910
height,>,180,age,<,32,sex,=,1,income,=,1#5569
height,>,158,age,>,81,sex,=,0,income,=,1#4120
height,>,153,age,>,74,sex,=,1,income,=,1#3775
height,<,165,age,>,73,sex,=,1,income,=,1#1643
height,>,179,age,>,27,sex,=,1,income,=,1#50724
height,<,170,age,>,85,sex,=,1,income,=,0#10381
height,<,166,age,>,74,sex,=,1,income,=,1#4368
height,>,179,age,<,64,sex,=,1,income,=,0#1017
height,>,171,age,>,81,sex,=,0,income,=,1#1594
height,>,178,age,<,73,sex,=,1,income,=,0#951
height,>,173,age,>,78,sex,=,0,income,=,1#2734
height,<,181,age,>,86,sex,=,0,income,=,0#25220
height,>,152,age,>,86,sex,=,0,income,=,0#25220
height,<,168,age,>,69,sex,=,1,income,=,1#1171
height,>,178,age,<,58,sex,=,0,income,=,1#807
height,>,180,age,<,55,sex,=,0,income,=,0#766
height,<,179,age,>,81,sex,=,0,income,=,0#10013
height,>,151,age,>,67,sex,=,1,income,=,1#2070
height,<,168,age,>,70,sex,=,0,income,=,0#833
height,>,152,age,>,76,sex,=,0,income,=,1#3614
height,>,150,age,>,73,sex,=,0,income,=,0#2586
height,>,168,age,>,61,sex,=,1,income,=,1#1759
height,<,177,age,>,86,sex,=,0,income,=,0#25220
height,>,172,age,>,72,sex,=,1,income,=,1#3254
height,>,157,age,>,71,sex,=,1,income,=,0#944
height,>,150,age,>,78,sex,=,0,income,=,0#4388
height,>,180,age,>,25,sex,=,1,income,=,0#19741
height,>,179,age,<,60,sex,=,1,income,=,1#6013
height,>,180,age,<,62,sex,=,0,income,=,1#2760
height,<,180,age,>,81,sex,=,0,income,=,1#4120
height,>,161,age,>,73,sex,=,0,income,=,1#2232
height,<,165,age,>,74,sex,=,0,income,=,1#4734
height,>,161,age,>,74,sex,=,1,income,=,1#4188
height,>,172,age,>,63,sex,=,1,income,=,1#983
height,<,172,age,>,86,sex,=,1,income,=,0#4936
height,>,179,age,<,50,sex,=,1,income,=,1#6013
height,>,167,age,>,72,sex,=,0,income,=,0#2047
height,<,163,age,>,71,sex,=,1,income,=,1#699
height,<,181,age,>,71,sex,=,1,income,=,1#2094
height,<,175,age,>,83,sex,=,1,income,=,0#10343
height,>,172,age,>,72,sex,=,1,income,=,1#3254
height,>,178,age,<,57,sex,=,1,income,=,0#951
height,>,165,age,>,83,sex,=,1,income,=,0#12951
height,>,153,age,>,86,sex,=,0,income,=,1#8630
height,<,163,age,>,63,sex,=,1,income,=,0#1702
height,>,172,age,>,76,sex,=,1,income,=,1#7827
height,<,180,age,>,81,sex,=,1,income,=,0#8611
height,<,162,age,>,54,sex,=,1,income,=,1#2035
height,>,180,age,<,79,sex,=,1,income,=,0#961
height,<,175,age,>,77,sex,=,0,income,=,1#3186
height,>,173,age,>,59,sex,=,0,income,=,1#1764
height,>,156,age,>,88,sex,=,1,income,=,1#5857
height,>,178,age,<,83,sex,=,1,income,=,1#2808
height,>,179,age,<,64,sex,=,0,income,=,0#916
height,<,157,age,>,23,sex,=,0,income,=,0#882952
height,<,166,age,>,77,sex,=,1,income,=,1#4133
height,>,166,age,>,70,sex,=,1,income,=,1#2698
height,>,161,age,>,84,sex,=,1,income,=,0#12355
height,<,166,age,>,88,sex,=,0,income,=,0#3077
height,<,177,age,>,83,sex,=,0,income,=,0#14063
height,<,176,age,>,79,sex,=,0,income,=,0#8025
height,<,154,age,<,19,sex,=,1,income,=,1#49661
height,>,179,age,<,56,sex,=,0,income,=,1#636
height,>,179,age,<,45,sex,=,1,income,=,0#1017
height,>,152,age,>,85,sex,=,1,income,=,0#5791
height,>,178,age,<,81,sex,=,1,income,=,1#2808
height,>,168,age,<,20,sex,=,0,income,=,0#30033
height,>,173,age,<,25,sex,=,0,income,=,0#79561
height,<,178,age,>,72,sex,=,0,income,=,0#1776
height,>,179,age,>,18,sex,=,0,income,=,1#636
height,>,178,age,<,48,sex,=,1,income,=,1#2808
height,<,179,age,>,79,sex,=,0,income,=,0#8025
height,>,151,age,>,80,sex,=,0,income,=,0#8050
height,>,168,age,>,71,sex,=,1,income,=,1#2147
height,>,155,age,>,77,sex,=,1,income,=,1#8829
height,>,159,age,>,83,sex,=,1,income,=,0#10343
height,<,177,age,>,87,sex,=,1,income,=,0#5475
height,<,166,age,>,68,sex,=,1,income,=,1#426
height,>,164,age,>,79,sex,=,0,income,=,0#8734
height,<,164,age,>,76,sex,=,1,income,=,1#2437
height,<,178,age,>,81,sex,=,0,income,=,1#4120
height,>,150,age,>,85,sex,=,1,income,=,0#5791
height,<,154,age,>,18,sex,=,0,income,=,0#195680
height,>,172,age,>,63,sex,=,1,income,=,0#584
height,>,168,age,>,70,sex,=,0,income,=,0#3001
height,>,161,age,>,70,sex,=,1,income,=,1#2578
height,>,179,age,<,76,sex,=,1,income,=,1#6013
height,<,164,age,>,73,sex,=,0,income,=,0#371
height,<,151,age,<,52,sex,=,0,income,=,1#1872
height,>,166,age,>,66,sex,=,1,income,=,1#2726
height,<,164,age,>,59,sex,=,1,income,=,1#1056
height,>,179,age,<,44,sex,=,0,income,=,1#636
height,>,166,age,>,78,sex,=,0,income,=,0#4065
height,>,178,age,<,74,sex,=,0,income,=,1#807
height,>,156,age,>,80,sex,=,0,income,=,0#8050
height,<,171,age,>,85,sex,=,1,income,=,0#9830
height,<,151,age,<,86,sex,=,1,income,=,0#3936
height,>,153,age,>,77,sex,=,1,income,=,0#2991
height,<,180,age,>,80,sex,=,1,income,=,1#10071
height,>,168,age,>,75,sex,=,1,income,=,0#2855
height,<,151,age,<,21,sex,=,0,income,=,0#48002
height,>,160,age,>,85,sex,=,1,income,=,1#11321
height,<,169,age,>,75,sex,=,1,income,=,0#2858
height,>,158,age,>,81,sex,=,0,income,=,0#10013
height,>,180,age,>,24,sex,=,1,income,=,0#10271
height,<,173,age,>,86,sex,=,0,income,=,1#3200
height,>,180,age,>,27,sex,=,0,income,=,1#48986
height,<,175,age,>,73,sex,=,0,income,=,1#1792
height,>,169,age,>,78,sex,=,0,income,=,0#4956
height,<,178,age,>,82,sex,=,1,income,=,0#11931
height,<,157,age,>,23,sex,=,0,income,=,0#882952
height,<,165,age,>,79,sex,=,1,income,=,0#2029
height,<,163,age,>,71,sex,=,0,income,=,1#5303
height,>,161,age,>,86,sex,=,0,income,=,0#26877
height,<,163,age,>,68,sex,=,0,income,=,0#345
height,<,177,age,>,74,sex,=,1,income,=,1#3775
height,>,154,age,>,86,sex,=,1,income,=,1#15030
height,>,173,age,>,77,sex,=,0,income,=,1#679
height,<,171,age,>,76,sex,=,1,income,=,0#3818
height,<,151,age,<,82,sex,=,1,income,=,0#3936
height,>,152,age,>,83,sex,=,1,income,=,1#7908
height,>,164,age,>,74,sex,=,0,income,=,1#4179
height,<,179,age,>,86,sex,=,0,income,=,1#8630
height,<,175,age,>,87,sex,=,1,income,=,1#1654
height,<,171,age,>,65,sex,=,1,income,=,1#713
height,<,180,age,>,89,sex,=,0,income,=,0#12038
height,<,174,age,>,88,sex,=,0,income,=,0#16488
height,<,179,age,>,87,sex,=,1,income,=,1#1654
height,<,166,age,>,84,sex,=,0,income,=,0#8437
height,>,165,age,>,87,sex,=,0,income,=,1#29330
height,<,178,age,>,77,sex,=,1,income,=,1#8829
height,<,152,age,<,50,sex,=,1,income,=,0#1769
height,>,159,age,>,68,sex,=,1,income,=,0#986
height,<,168,age,>,76,sex,=,1,income,=,0#4513
height,>,156,age,>,70,sex,=,0,income,=,1#286
height,>,160,age,>,70,sex,=,1,income,=,1#2602
height,<,162,age,>,55,sex,=,1,income,=,1#2080
height,<,164,age,>,67,sex,=,1,income,=,1#387
height,>,180,age,<,70,sex,=,0,income,=,0#766
height,>,169,age,>,61,sex,=,1,income,=,1#1483
height,<,160,age,>,26,sex,=,1,income,=,1#253037
height,>,162,age,>,85,sex,=,0,income,=,1#6124
height,>,178,age,<,60,sex,=,0,income,=,1#807
height,>,163,age,>,71,sex,=,1,income,=,0#843
height,>,179,age,<,70,sex,=,0,income,=,0#916
height,<,176,age,>,66,sex,=,1,income,=,1#1683
height,>,179,age,>,25,sex,=,1,income,=,1#25320
height,<,171,age,>,85,sex,=,1,income,=,0#9830
height,<,152,age,<,66,sex,=,1,income,=,0#1769
height,<,171,age,>,81,sex,=,0,income,=,1#3528
height,<,177,age,>,75,sex,=,1,income,=,0#2857
height,>,159,age,>,79,sex,=,0,income,=,0#8025
height,>,172,age,>,60,sex,=,1,income,=,1#1849
height,<,167,age,>,73,sex,=,0,income,=,1#2430
height,>,164,age,>,73,sex,=,0,income,=,0#3092
height,>,154,age,>,84,sex,=,1,income,=,1#8381
height,>,171,age,>,78,sex,=,1,income,=,0#3517
height,<,178,age,>,81,sex,=,0,income,=,1#4120
height,<,177,age,>,87,sex,=,0,income,=,0#16607
height,<,178,age,>,70,sex,=,1,income,=,0#886
height,>,167,age,>,69,sex,=,0,income,=,1#4115
height,>,165,age,<,19,sex,=,1,income,=,1#8124
height,<,174,age,>,72,sex,=,1,income,=,0#1183
height,>,173,age,>,73,sex,=,1,income,=,1#7798
height,<,161,age,>,63,sex,=,1,income,=,0#1411
height,>,179,age,>,22,sex,=,0,income,=,1#1769
height,<,169,age,>,66,sex,=,1,income,=,0#171
height,>,178,age,<,30,sex,=,0,income,=,0#63385
height,<,166,age,>,73,sex,=,0,income,=,1#2405
height,<,161,age,>,67,sex,=,1,income,=,1#1904
height,>,156,age,>,87,sex,=,0,income,=,0#16607
height,<,181,age,>,88,sex,=,0,income,=,1#4516
height,<,165,age,>,72,sex,=,1,income,=,0#1623
height,>,170,age,<,22,sex,=,0,income,=,1#2056
height,>,171,age,>,76,sex,=,0,income,=,1#7026
height,<,151,age,<,58,sex,=,0,income,=,1#1872
height,<,181,age,>,89,sex,=,0,income,=,1#8306
height,>,151,age,>,78,sex,=,0,income,=,0#4388
height,<,181,age,>,69,sex,=,1,income,=,1#2217
height,>,180,age,<,90,sex,=,0,income,=,0#766
height,>,161,age,>,80,sex,=,1,income,=,0#11190
height,<,165,age,>,70,sex,=,0,income,=,1#4123
height,>,159,age,>,80,sex,=,0,income,=,0#8050
height,>,173,age,>,63,sex,=,0,income,=,0#3796
height,>,173,age,>,64,sex,=,1,income,=,1#188
height,<,162,age,>,68,sex,=,1,income,=,0#4426
height,>,179,age,<,39,sex,=,0,income,=,1#636
height,>,150,age,>,85,sex,=,1,income,=,0#5791
height,<,152,age,<,68,sex,=,1,income,=,1#866
height,<,166,age,>,74,sex,=,1,income,=,0#2060
height,>,157,age,>,84,sex,=,0,income,=,0#17372
height,>,167,age,>,84,sex,=,1,income,=,1#4313
height,>,168,age,>,73,sex,=,1,income,=,0#1744
height,<,167,age,>,83,sex,=,0,income,=,1#701
height,<,151,age,<,21,sex,=,0,income,=,1#46709
height,<,174,age,>,73,sex,=,1,income,=,1#4876
height,>,179,age,<,49,sex,=,1,income,=,1#6013
height,>,180,age,<,53,sex,=,0,income,=,1#2760
height,<,171,age,>,74,sex,=,1,income,=,0#2894
height,<,169,age,>,70,sex,=,0,income,=,0#517
height,>,165,age,>,77,sex,=,1,income,=,0#4358
height,<,152,age,<,29,sex,=,1,income,=,1#866
height,>,161,age,>,79,sex,=,0,income,=,0#9277
height,>,160,age,>,68,sex,=,1,income,=,1#2414
height,<,181,age,>,79,sex,=,0,income,=,0#8025
height,>,155,age,>,76,sex,=,1,income,=,1#8155
height,>,167,age,>,69,sex,=,0,income,=,1#4115
height,<,176,age,>,87,sex,=,0,income,=,1#10291
height,>,171,age,>,80,sex,=,0,income,=,1#7960
height,<,173,age,>,76,sex,=,1,income,=,0#3476
height,<,153,age,<,62,sex,=,1,income,=,1#86
height,<,172,age,>,77,sex,=,1,income,=,0#3991
height,>,154,age,>,81,sex,=,1,income,=,1#9899
height,<,181,age,>,69,sex,=,1,income,=,1#2217
height,<,176,age,>,86,sex,=,0,income,=,0#25220
height,>,151,age,>,83,sex,=,0,income,=,1#2149
height,<,152,age,>,18,sex,=,0,income,=,0#726031
height,<,179,age,>,76,sex,=,1,income,=,1#8155
height,>,179,age,<,90,sex,=,0,income,=,0#916
height,<,163,age,>,73,sex,=,1,income,=,0#2057
height,>,151,age,>,82,sex,=,0,income,=,1#1855
height,>,155,age,>,79,sex,=,0,income,=,1#6767
height,<,152,age,<,20,sex,=,1,income,=,1#53117
height,>,161,age,>,76,sex,=,0,income,=,0#5675
height,<,162,age,>,79,sex,=,1,income,=,0#12135
height,>,167,age,>,81,sex,=,0,income,=,0#9736
height,<,152,age,<,64,sex,=,1,income,=,0#1769
height,<,180,age,>,69,sex,=,1,income,=,0#1546
height,>,159,age,>,72,sex,=,1,income,=,1#962
height,<,164,age,>,82,sex,=,1,income,=,1#6612
height,>,155,age,>,80,sex,=,1,income,=,1#10071
height,<,151,age,<,58,sex,=,0,income,=,0#4254
height,>,161,age,>,84,sex,=,1,income,=,0#12355
height,>,180,age,>,25,sex,=,0,income,=,0#19897
height,>,173,age,>,61,sex,=,0,income,=,0#859
height,>,169,age,>,83,sex,=,0,income,=,0#12092
height,>,150,age,>,84,sex,=,0,income,=,1#388
height,>,159,age,>,72,sex,=,1,income,=,0#669
height,>,167,age,>,77,sex,=,0,income,=,1#5989
height,>,180,age,<,59,sex,=,1,income,=,1#5569
height,<,174,age,>,76,sex,=,1,income,=,0#3428
height,<,151,age,<,86,sex,=,0,income,=,1#1872
height,<,161,age,>,71,sex,=,0,income,=,0#2715
height,>,163,age,>,86,sex,=,0,income,=,1#14423
height,>,169,age,<,21,sex,=,1,income,=,1#80526
height,<,169,age,>,66,sex,=,1,income,=,1#1264
height,>,167,age,>,80,sex,=,1,income,=,0#8770
height,>,179,age,<,54,sex,=,0,income,=,1#636
height,<,179,age,>,79,sex,=,1,income,=,1#9195
height,>,179,age,<,67,sex,=,1,income,=,1#6013
height,>,150,age,>,78,sex,=,1,income,=,0#4301
height,<,176,age,>,81,sex,=,1,income,=,0#8611
height,>,160,age,>,86,sex,=,0,income,=,1#10702
height,>,165,age,>,82,sex,=,1,income,=,0#13030
height,>,173,age,>,51,sex,=,1,income,=,0#1553
height,<,166,age,>,67,sex,=,1,income,=,1#792
height,<,180,age,>,75,sex,=,1,income,=,0#2857
height,>,161,age,>,82,sex,=,0,income,=,0#17180
height,<,176,age,>,84,sex,=,0,income,=,0#17372
height,>,179,age,<,42,sex,=,1,income,=,1#6013
height,>,150,age,>,78,sex,=,0,income,=,1#3329
height,<,175,age,>,78,sex,=,1,income,=,0#4301
height,>,159,age,>,79,sex,=,0,income,=,0#8025
height,<,173,age,>,81,sex,=,0,income,=,1#2668
height,>,180,age,<,74,sex,=,0,income,=,0#766
height,<,151,age,<,49,sex,=,1,income,=,1#2989
height,>,170,age,>,66,sex,=,0,income,=,0#3230
height,>,161,age,>,68,sex,=,1,income,=,0#1856
height,>,158,age,>,79,sex,=,0,income,=,1#6767
height,>,169,age,>,62,sex,=,1,income,=,0#1526
height,>,180,age,<,86,sex,=,1,income,=,0#961
height,>,177,age,<,78,sex,=,1,income,=,1#1558
height,>,162,age,>,71,sex,=,1,income,=,1#2441
height,<,177,age,>,82,sex,=,0,income,=,0#14933
height,<,178,age,>,73,sex,=,1,income,=,1#3913
height,<,151,age,<,86,sex,=,0,income,=,0#4254
height,<,178,age,>,80,sex,=,1,income,=,0#5925
height,<,164,age,>,83,sex,=,1,income,=,0#4216
height,>,157,age,>,73,sex,=,0,income,=,1#1792
height,>,164,age,>,76,sex,=,0,income,=,1#7132
height,<,172,age,>,75,sex,=,1,income,=,0#3499
height,>,162,age,>,77,sex,=,1,income,=,1#9314
height,>,154,age,>,76,sex,=,1,income,=,0#2581
height,>,173,age,<,25,sex,=,1,income,=,0#78607
height,<,163,age,>,64,sex,=,0,income,=,0#359
height,<,152,age,<,75,sex,=,1,income,=,0#1769
height,>,180,age,<,39,sex,=,1,income,=,1#5569
height,>,172,age,>,59,sex,=,0,income,=,1#2288
height,<,178,age,>,75,sex,=,0,income,=,1#2890
height,>,151,age,>,89,sex,=,0,income,=,0#12038
height,>,178,age,<,80,sex,=,1,income,=,0#951
height,>,164,age,>,71,sex,=,1,income,=,1#3334
height,>,180,age,<,58,sex,=,1,income,=,1#5569
height,>,173,age,>,59,sex,=,0,income,=,1#1764
height,>,178,age,>,20,sex,=,1,income,=,0#951
height,>,161,age,>,87,sex,=,0,income,=,0#19287
height,<,164,age,>,76,sex,=,1,income,=,1#2437
height,<,181,age,>,71,sex,=,1,income,=,0#944
height,>,178,age,<,29,sex,=,1,income,=,0#300485
height,<,168,age,>,76,sex,=,0,income,=,1#612
height,<,180,age,>,84,sex,=,0,income,=,1#388
height,>,177,age,<,73,sex,=,1,income,=,1#1558
height,<,160,age,>,26,sex,=,1,income,=,0#236003
height,>,180,age,<,45,sex,=,1,income,=,1#5569
height,<,181,age,>,84,sex,=,0,income,=,1#388
height,>,158,age,>,77,sex,=,1,income,=,0#2991
height,<,176,age,>,66,sex,=,1,income,=,1#1683
height,<,181,age,>,89,sex,=,0,income,=,0#12038
height,>,150,age,>,87,sex,=,1,income,=,1#1654
height,>,180,age,>,21,sex,=,0,income,=,0#766
height,>,166,age,>,74,sex,=,0,income,=,1#5673
height,<,153,age,<,20,sex,=,1,income,=,1#50337
height,<,172,age,>,82,sex,=,0,income,=,1#2272
height,>,157,age,>,69,sex,=,1,income,=,0#1546
height,>,165,age,>,72,sex,=,0,income,=,1#3364
height,<,151,age,<,67,sex,=,0,income,=,1#1872
height,>,178,age,<,38,sex,=,0,income,=,1#807
height,>,169,age,>,82,sex,=,0,income,=,1#4521
height,>,172,age,>,61,sex,=,1,income,=,0#783
height,>,180,age,<,56,sex,=,0,income,=,1#2760
height,>,178,age,<,72,sex,=,1,income,=,0#951
height,>,160,age,>,83,sex,=,1,income,=,0#7914
height,>,171,age,>,63,sex,=,1,income,=,1#856
height,>,155,age,>,87,sex,=,1,income,=,1#1654
height,>,163,age,>,73,sex,=,0,income,=,0#3680
height,>,152,age,>,88,sex,=,1,income,=,1#5857
height,>,166,age,>,63,sex,=,1,income,=,1#2906
height,>,163,age,>,82,sex,=,0,income,=,0#17795
height,>,155,age,>,74,sex,=,0,income,=,0#3039
height,<,174,age,>,73,sex,=,0,income,=,0#2873
height,<,161,age,>,70,sex,=,1,income,=,0#217
height,>,164,age,>,70,sex,=,1,income,=,0#1223
height,<,165,age,>,80,sex,=,1,income,=,1#6142
height,>,161,age,>,86,sex,=,1,income,=,1#16374
height,<,153,age,>,18,sex,=,1,income,=,0#338601
height,<,152,age,<,62,sex,=,1,income,=,0#1769
height,>,171,age,>,74,sex,=,0,income,=,1#4397
height,>,154,age,>,69,sex,=,1,income,=,1#2217
height,>,172,age,>,82,sex,=,0,income,=,0#5101
height,<,166,age,>,73,sex,=,1,income,=,1#4099
height,<,175,age,>,73,sex,=,1,income,=,0#1758
height,<,156,age,>,20,sex,=,1,income,=,1#211882
height,<,151,age,<,52,sex,=,0,income,=,1#1872
height,<,172,age,>,88,sex,=,1,income,=,0#2703
height,<,164,age,>,85,sex,=,1,income,=,0#8750
height,>,158,age,>,85,sex,=,0,income,=,1#879
height,>,152,age,>,83,sex,=,1,income,=,0#10343
height,<,163,age,>,68,sex,=,0,income,=,1#3597
height,<,170,age,>,71,sex,=,1,income,=,1#1679
height,>,173,age,>,74,sex,=,0,income,=,0#2597
height,<,166,age,>,78,sex,=,0,income,=,0#2575
height,>,171,age,>,66,sex,=,0,income,=,0#2430
height,>,158,age,>,85,sex,=,0,income,=,0#21794
height,<,155,age,>,19,sex,=,1,income,=,0#215922
height,>,178,age,<,49,sex,=,1,income,=,1#2808
height,<,154,age,>,19,sex,=,1,income,=,0#386967
height,>,178,age,>,20,sex,=,1,income,=,0#951
height,>,171,age,>,71,sex,=,1,income,=,0#1721
height,>,162,age,>,75,sex,=,1,income,=,0#3541
height,<,164,age,>,69,sex,=,1,income,=,0#190
height,>,159,age,>,87,sex,=,0,income,=,0#16607
height,>,163,age,>,70,sex,=,1,income,=,1#2024
height,>,155,age,>,80,sex,=,0,income,=,0#8050
height,<,161,age,>,73,sex,=,1,income,=,0#1842
height,>,155,age,>,78,sex,=,0,income,=,1#3329
height,>,177,age,<,67,sex,=,1,income,=,1#1558
height,>,173,age,>,69,sex,=,0,income,=,0#402
height,<,163,age,>,76,sex,=,1,income,=,0#1668
height,>,180,age,<,32,sex,=,0,income,=,0#766
height,<,173,age,>,69,sex,=,0,income,=,1#599
height,<,174,age,>,88,sex,=,0,income,=,0#16488
height,>,179,age,>,28,sex,=,1,income,=,1#65286
height,>,150,age,>,79,sex,=,1,income,=,1#9195
height,>,157,age,>,80,sex,=,1,income,=,1#10071
height,>,169,age,<,21,sex,=,1,income,=,1#80526
height,>,180,age,<,83,sex,=,1,income,=,0#961
height,>,178,age,<,61,sex,=,0,income,=,1#807
height,>,159,age,>,75,sex,=,1,income,=,0#2857
height,<,179,age,>,79,sex,=,0,income,=,0#8025
height,<,156,age,>,18,sex,=,1,income,=,1#87713
height,>,178,age,<,45,sex,=,1,income,=,1#2808
height,>,180,age,<,87,sex,=,0,income,=,1#2760
height,<,176,age,>,81,sex,=,0,income,=,0#10013
height,<,151,age,<,59,sex,=,0,income,=,1#1872
height,>,163,age,>,78,sex,=,0,income,=,1#4318
height,>,167,age,>,71,sex,=,0,income,=,0#2011
height,>,150,age,>,84,sex,=,0,income,=,0#17372
height,>,180,age,<,76,sex,=,1,income,=,1#5569
height,<,180,age,>,80,sex,=,0,income,=,1#7587
height,>,150,age,>,70,sex,=,0,income,=,1#286
height,<,151,age,<,57,sex,=,0,income,=,0#4254
height,<,156,age,>,21,sex,=,1,income,=,0#379650
height,>,163,age,>,83,sex,=,1,income,=,1#7486
height,>,180,age,>,28,sex,=,0,income,=,1#64051
height,<,177,age,>,81,sex,=,0,income,=,0#10013
height,>,179,age,<,72,sex,=,1,income,=,1#6013
height,>,169,age,>,67,sex,=,1,income,=,1#2080
height,>,171,age,<,24,sex,=,0,income,=,1#20189
height,>,180,age,<,88,sex,=,1,income,=,0#961
height,>,166,age,>,74,sex,=,1,income,=,1#2791
height,>,160,age,>,83,sex,=,1,income,=,1#9222
height,>,178,age,<,53,sex,=,1,income,=,0#951
height,>,172,age,>,54,sex,=,1,income,=,1#929
height,>,159,age,>,81,sex,=,0,income,=,1#4120
height,<,169,age,>,74,sex,=,0,income,=,0#2330
height,>,156,age,>,77,sex,=,0,income,=,0#5804
height,>,150,age,>,69,sex,=,1,income,=,0#1546
height,>,157,age,>,87,sex,=,0,income,=,0#16607
height,<,173,age,>,78,sex,=,1,income,=,0#3906
height,>,179,age,<,59,sex,=,0,income,=,1#636
height,>,167,age,>,76,sex,=,0,income,=,1#7182
height,>,179,age,>,21,sex,=,1,income,=,0#1017
height,>,158,age,>,75,sex,=,1,income,=,1#6429
height,<,180,age,>,75,sex,=,1,income,=,0#2857
height,>,178,age,<,86,sex,=,0,income,=,1#807
height,<,162,age,>,70,sex,=,0,income,=,0#148
height,>,155,age,>,76,sex,=,0,income,=,0#4756
height,>,172,age,>,62,sex,=,0,income,=,1#2909
height,<,164,age,>,75,sex,=,1,income,=,1#440
height,>,180,age,<,67,sex,=,0,income,=,1#2760
height,<,180,age,>,80,sex,=,1,income,=,0#5925
height,<,159,age,>,25,sex,=,1,income,=,0#488233
height,>,179,age,>,28,sex,=,0,income,=,0#63405
height,<,175,age,>,85,sex,=,1,income,=,0#5791
height,>,179,age,<,69,sex,=,0,income,=,0#916
height,<,169,age,>,66,sex,=,1,income,=,1#1264
height,>,160,age,>,80,sex,=,0,income,=,0#7830
height,>,179,age,<,55,sex,=,0,income,=,1#636
height,<,173,age,>,79,sex,=,0,income,=,1#6065
height,>,173,age,>,55,sex,=,0,income,=,1#2003
height,<,162,age,>,83,sex,=,0,income,=,0#2629
height,>,178,age,<,65,sex,=,0,income,=,1#807
height,<,152,age,<,25,sex,=,1,income,=,1#16688
height,>,168,age,>,73,sex,=,1,income,=,1#1355
height,<,153,age,<,72,sex,=,1,income,=,1#86
height,<,173,age,>,77,sex,=,0,income,=,0#6183
height,>,151,age,>,78,sex,=,0,income,=,1#3329
height,<,151,age,<,20,sex,=,1,income,=,1#54129
height,<,177,age,>,75,sex,=,0,income,=,0#4445
height,>,178,age,<,71,sex,=,0,income,=,1#807
height,<,169,age,>,83,sex,=,1,income,=,0#15775
height,<,168,age,>,84,sex,=,0,income,=,0#16254
height,<,151,age,<,39,sex,=,0,income,=,0#4254
height,>,150,age,>,70,sex,=,1,income,=,1#2121
height,>,162,age,>,68,sex,=,1,income,=,0#1843
height,<,166,age,>,76,sex,=,1,income,=,0#1199
height,<,170,age,>,89,sex,=,0,income,=,0#6372
height,>,157,age,>,78,sex,=,1,income,=,0#4301
height,>,164,age,>,72,sex,=,1,income,=,0#213
height,>,150,age,>,83,sex,=,1,income,=,1#7908
height,<,155,age,>,18,sex,=,0,income,=,1#130463
height,<,164,age,>,69,sex,=,1,income,=,1#2311
height,>,173,age,>,77,sex,=,1,income,=,0#7241
height,>,156,age,>,77,sex,=,1,income,=,1#8829
height,<,170,age,>,80,sex,=,1,income,=,0#5059
height,>,162,age,>,73,sex,=,0,income,=,1#2800
height,>,170,age,>,86,sex,=,0,income,=,0#25180
height,<,153,age,<,63,sex,=,1,income,=,1#86
height,>,161,age,>,71,sex,=,0,income,=,0#1907
height,<,151,age,<,27,sex,=,0,income,=,0#9572
height,>,179,age,<,70,sex,=,0,income,=,0#916
height,<,169,age,>,89,sex,=,0,income,=,0#5417
height,>,157,age,>,68,sex,=,1,income,=,1#2107
height,<,159,age,>,25,sex,=,1,income,=,1#482908
height,>,152,age,>,71,sex,=,1,income,=,1#2094
height,<,164,age,>,80,sex,=,1,income,=,1#5687
height,>,180,age,<,38,sex,=,0,income,=,0#766
height,>,178,age,<,40,sex,=,1,income,=,1#2808
height,>,179,age,<,69,sex,=,1,income,=,0#1017
height,>,164,age,>,75,sex,=,0,income,=,1#5581
height,>,161,age,>,67,sex,=,1,income,=,1#2330
height,<,175,age,>,81,sex,=,0,income,=,1#4120
height,<,178,age,>,78,sex,=,1,income,=,1#9061
height,<,178,age,>,69,sex,=,1,income,=,0#1546
height,>,163,age,>,78,sex,=,0,income,=,1#4318
height,<,163,age,>,76,sex,=,1,income,=,1#5608
height,<,169,age,>,83,sex,=,0,income,=,0#13626
height,>,165,age,>,85,sex,=,0,income,=,0#32571
height,<,161,age,>,70,sex,=,0,income,=,1#2699
height,<,163,age,>,73,sex,=,0,income,=,1#2127
height,>,174,age,<,25,sex,=,0,income,=,0#317927
height,<,151,age,<,89,sex,=,1,income,=,0#3936
height,<,177,age,>,75,sex,=,1,income,=,0#2857
height,>,167,age,>,81,sex,=,0,income,=,0#9736
height,>,161,age,>,77,sex,=,0,income,=,1#3959
height,>,180,age,<,34,sex,=,1,income,=,0#961
height,>,180,age,<,48,sex,=,1,income,=,0#961
height,<,162,age,>,68,sex,=,0,income,=,1#3468
height,<,151,age,<,52,sex,=,0,income,=,1#1872
height,<,165,age,>,66,sex,=,1,income,=,0#128
height,>,163,age,>,82,sex,=,0,income,=,0#17795
height,>,151,age,>,68,sex,=,1,income,=,1#2107
height,<,151,age,<,69,sex,=,1,income,=,0#3936
height,>,179,age,<,75,sex,=,1,income,=,1#6013
height,>,158,age,>,79,sex,=,0,income,=,1#6767
height,>,180,age,<,79,sex,=,0,income,=,1#2760
height,<,173,age,>,70,sex,=,0,income,=,1#118
height,>,158,age,>,80,sex,=,0,income,=,1#7587
height,>,173,age,>,73,sex,=,0,income,=,0#1225
height,>,154,age,>,72,sex,=,0,income,=,1#803
height,<,153,age,<,56,sex,=,1,income,=,1#86
height,<,179,age,>,79,sex,=,0,income,=,1#6767
height,<,179,age,>,82,sex,=,0,income,=,1#1855
height,>,179,age,<,51,sex,=,0,income,=,1#636
height,>,172,age,>,74,sex,=,0,income,=,1#1472
height,<,177,age,>,66,sex,=,1,income,=,1#1683
height,>,168,age,>,64,sex,=,1,income,=,1#1610
height,<,169,age,>,69,sex,=,1,income,=,1#1841
height,>,165,age,>,73,sex,=,0,income,=,1#4701
height,>,178,age,<,88,sex,=,0,income,=,1#807
height,>,173,age,>,79,sex,=,1,income,=,0#10558
height,>,150,age,>,84,sex,=,0,income,=,0#17372
height,>,166,age,>,83,sex,=,1,income,=,1#1302
height,<,165,age,>,71,sex,=,0,income,=,0#1293
height,>,160,age,>,68,sex,=,1,income,=,0#941
height,>,161,age,>,88,sex,=,1,income,=,0#16996
height,<,174,age,>,78,sex,=,1,income,=,0#4163
height,<,151,age,<,68,sex,=,1,income,=,0#3936
height,>,157,age,>,76,sex,=,1,income,=,1#8155
height,>,164,age,>,72,sex,=,1,income,=,1#2287
height,>,168,age,>,72,sex,=,0,income,=,0#2914
height,>,169,age,>,76,sex,=,0,income,=,0#5986
height,<,161,age,>,67,sex,=,1,income,=,0#2892
height,>,167,age,>,71,sex,=,0,income,=,1#3774
height,>,152,age,>,83,sex,=,1,income,=,0#10343
height,<,176,age,>,72,sex,=,1,income,=,0#669
height,>,156,age,>,77,sex,=,0,income,=,1#3186
height,<,161,age,>,79,sex,=,0,income,=,0#7458
height,>,166,age,>,66,sex,=,1,income,=,1#2726
height,>,163,age,>,78,sex,=,1,income,=,0#6587
height,>,170,age,>,63,sex,=,1,income,=,0#1419
height,>,158,age,>,80,sex,=,0,income,=,1#7587
height,<,179,age,>,85,sex,=,1,income,=,1#8954
height,<,165,age,>,81,sex,=,1,income,=,1#6888
height,>,162,age,>,74,sex,=,1,income,=,0#2536
height,<,172,age,>,83,sex,=,1,income,=,1#10850
height,>,179,age,<,59,sex,=,1,income,=,0#1017
height,<,151,age,<,55,sex,=,1,income,=,1#2989
height,>,171,age,>,76,sex,=,0,income,=,0#4879
height,>,177,age,<,58,sex,=,1,income,=,1#1558
height,<,177,age,>,85,sex,=,1,income,=,1#8954
height,<,179,age,>,70,sex,=,1,income,=,1#2121
height,>,178,age,<,65,sex,=,1,income,=,1#2808
height,>,170,age,>,71,sex,=,1,income,=,0#1551
height,>,164,age,>,89,sex,=,0,income,=,0#19531
height,>,160,age,>,71,sex,=,0,income,=,1#298
height,<,165,age,>,74,sex,=,0,income,=,1#4734
height,>,172,age,>,81,sex,=,1,income,=,0#12410
height,<,172,age,>,88,sex,=,0,income,=,1#201
height,>,180,age,<,40,sex,=,0,income,=,1#2760
height,<,177,age,>,85,sex,=,0,income,=,1#879
height,>,156,age,>,86,sex,=,0,income,=,0#25220
height,>,158,age,>,72,sex,=,0,income,=,1#803
height,>,179,age,<,83,sex,=,0,income,=,0#916
height,>,172,age,>,75,sex,=,0,income,=,0#3952
height,>,180,age,<,66,sex,=,1,income,=,1#5569
height,<,166,age,>,67,sex,=,1,income,=,0#738
height,<,162,age,>,61,sex,=,0,income,=,1#2569
height,<,170,age,>,71,sex,=,0,income,=,1#787
height,>,152,age,>,82,sex,=,0,income,=,0#14933
height,>,165,age,>,77,sex,=,0,income,=,1#6155
height,<,151,age,<,61,sex,=,0,income,=,0#4254
height,<,180,age,>,83,sex,=,1,income,=,0#10343
height,<,170,age,>,70,sex,=,1,income,=,0#1586
height,>,169,age,>,73,sex,=,0,income,=,1#4461
height,>,179,age,>,21,sex,=,1,income,=,1#6013
height,>,180,age,>,25,sex,=,0,income,=,1#22700
height,>,180,age,<,76,sex,=,0,income,=,0#766
height,>,179,age,<,51,sex,=,0,income,=,0#916
height,>,165,age,>,80,sex,=,1,income,=,1#12297
height,>,158,age,>,68,sex,=,1,income,=,1#2107
height,>,168,age,>,85,sex,=,0,income,=,1#11277
height,<,151,age,<,52,sex,=,1,income,=,1#2989
height,>,170,age,>,74,sex,=,1,income,=,1#722
height,>,167,age,>,67,sex,=,1,income,=,1#3476
height,<,163,age,>,80,sex,=,1,income,=,0#9943
height,>,174,age,<,26,sex,=,0,income,=,0#140290
height,<,152,age,<,26,sex,=,1,income,=,1#11035
height,<,171,age,>,74,sex,=,1,income,=,0#2894
height,>,158,age,>,68,sex,=,1,income,=,1#2107
height,<,164,age,>,80,sex,=,0,income,=,1#234
height,>,152,age,>,77,sex,=,0,income,=,0#5804
height,>,174,age,<,25,sex,=,1,income,=,0#323146
height,<,174,age,>,86,sex,=,0,income,=,1#6028
height,>,156,age,>,80,sex,=,0,income,=,0#8050
height,>,159,age,>,81,sex,=,1,income,=,0#8611
height,>,150,age,>,79,sex,=,1,income,=,1#9195
height,>,180,age,<,65,sex,=,1,income,=,0#961
height,>,167,age,>,73,sex,=,0,income,=,1#6288
height,<,162,age,>,72,sex,=,1,income,=,0#6304
height,<,169,age,>,66,sex,=,1,income,=,0#171
height,>,152,age,>,81,sex,=,1,income,=,1#9899
height,>,157,age,>,85,sex,=,0,income,=,1#879
height,>,163,age,>,79,sex,=,1,income,=,0#8563
height,>,178,age,<,48,sex,=,0,income,=,1#807
height,<,168,age,>,88,sex,=,0,income,=,0#14347
height,<,180,age,>,82,sex,=,0,income,=,0#14933
height,<,163,age,>,70,sex,=,1,income,=,0#828
height,>,179,age,<,51,sex,=,0,income,=,1#636
height,>,163,age,>,70,sex,=,1,income,=,0#1304
height,>,152,age,>,73,sex,=,0,income,=,0#2586
height,<,177,age,>,66,sex,=,1,income,=,1#1683
height,>,180,age,<,35,sex,=,1,income,=,1#5569
height,<,171,age,>,71,sex,=,1,income,=,1#2083
height,<,170,age,>,81,sex,=,0,income,=,1#2392
height,<,151,age,<,34,sex,=,1,income,=,0#3936
height,<,177,age,>,70,sex,=,0,income,=,1#286
height,>,157,age,>,86,sex,=,0,income,=,1#8630
height,<,169,age,>,71,sex,=,1,income,=,0#1025
height,>,154,age,>,85,sex,=,0,income,=,0#21794
height,<,151,age,<,25,sex,=,1,income,=,1#18480
height,>,172,age,>,62,sex,=,1,income,=,1#2384
height,>,180,age,<,77,sex,=,0,income,=,0#766
height,<,173,age,>,74,sex,=,0,income,=,1#1030
height,>,169,age,>,69,sex,=,0,income,=,1#2712
height,>,166,age,>,71,sex,=,1,income,=,1#2899
height,>,150,age,>,74,sex,=,1,income,=,1#3775
height,<,164,age,>,83,sex,=,1,income,=,0#4216
height,>,154,age,>,85,sex,=,1,income,=,0#5791
height,<,160,age,>,25,sex,=,1,income,=,0#121089
height,<,163,age,>,69,sex,=,0,income,=,0#144
height,>,156,age,>,69,sex,=,1,income,=,0#1546
height,>,172,age,>,76,sex,=,1,income,=,1#7827
height,>,180,age,<,62,sex,=,0,income,=,0#766
height,>,180,age,<,42,sex,=,0,income,=,0#766
height,<,161,age,>,70,sex,=,0,income,=,1#2699
height,>,179,age,<,40,sex,=,1,income,=,0#1017
height,<,153,age,<,39,sex,=,1,income,=,1#86
height,<,164,age,>,65,sex,=,0,income,=,0#877
height,<,170,age,>,70,sex,=,0,income,=,0#396
height,>,171,age,>,74,sex,=,1,income,=,1#296
height,>,157,age,>,76,sex,=,0,income,=,0#4756
height,>,172,age,>,59,sex,=,0,income,=,1#2288
height,<,176,age,>,77,sex,=,1,income,=,0#2991
height,<,151,age,<,69,sex,=,1,income,=,1#2989
height,<,167,age,>,80,sex,=,1,income,=,0#534
height,>,162,age,>,68,sex,=,1,income,=,0#1843
height,<,176,age,>,76,sex,=,1,income,=,1#8155
height,>,161,age,>,82,sex,=,1,income,=,1#17367
height,<,173,age,>,84,sex,=,1,income,=,1#14919
height,>,158,age,>,83,sex,=,0,income,=,0#14063
height,<,165,age,>,76,sex,=,1,income,=,0#424
height,>,180,age,<,73,sex,=,1,income,=,0#961
height,>,179,age,<,34,sex,=,0,income,=,1#636
height,>,156,age,>,88,sex,=,1,income,=,0#5754
height,>,173,age,>,76,sex,=,0,income,=,1#1125
height,>,180,age,<,80,sex,=,1,income,=,0#961
height,>,173,age,>,77,sex,=,1,income,=,1#2503
height,<,151,age,<,64,sex,=,1,income,=,1#2989
height,<,180,age,>,79,sex,=,1,income,=,0#5457
height,>,178,age,<,88,sex,=,1,income,=,1#2808
height,>,165,age,>,66,sex,=,1,income,=,1#2277
height,<,165,age,>,72,sex,=,0,income,=,1#3760
height,<,161,age,>,62,sex,=,0,income,=,1#1385
height,<,172,age,>,71,sex,=,0,income,=,0#1072
height,>,164,age,>,85,sex,=,0,income,=,1#6765
height,<,178,age,>,87,sex,=,1,income,=,0#5475
height,<,177,age,>,75,sex,=,0,income,=,1#2890
height,>,162,age,>,82,sex,=,0,income,=,0#16805
height,>,157,age,>,81,sex,=,0,income,=,1#4120
height,>,160,age,>,85,sex,=,1,income,=,1#11321
height,>,153,age,>,73,sex,=,1,income,=,1#3913
height,>,161,age,>,67,sex,=,1,income,=,1#2330
height,>,154,age,>,79,sex,=,1,income,=,1#9195
height,<,161,age,>,55,sex,=,1,income,=,0#1346
height,>,166,age,>,87,sex,=,0,income,=,1#31468
height,>,177,age,<,28,sex,=,1,income,=,0#399025
height,<,168,age,>,85,sex,=,0,income,=,0#23177
height,<,151,age,<,23,sex,=,1,income,=,0#32648
height,<,177,age,>,69,sex,=,1,income,=,1#2217
height,>,171,age,>,67,sex,=,0,income,=,1#3175
height,<,162,age,>,61,sex,=,0,income,=,1#2569
height,<,177,age,>,76,sex,=,0,income,=,0#4756
height,>,171,age,>,66,sex,=,0,income,=,1#2783
height,>,162,age,>,73,sex,=,1,income,=,1#3611
height,>,168,age,>,80,sex,=,1,income,=,0#9783
height,>,165,age,>,78,sex,=,0,income,=,1#4306
height,>,168,age,>,68,sex,=,0,income,=,0#2488
height,<,164,age,>,77,sex,=,1,income,=,0#1396
height,<,154,age,>,18,sex,=,0,income,=,0#195680
height,>,177,age,<,76,sex,=,1,income,=,1#1558
height,>,159,age,>,81,sex,=,0,income,=,0#10013
height,<,179,age,>,71,sex,=,1,income,=,1#2094
height,<,151,age,<,74,sex,=,1,income,=,0#3936
height,>,163,age,>,83,sex,=,0,income,=,0#15731
height,<,163,age,>,71,sex,=,0,income,=,1#5303
height,>,153,age,>,85,sex,=,1,income,=,1#8954
height,<,163,age,>,57,sex,=,1,income,=,1#1881
height,>,159,age,>,77,sex,=,1,income,=,1#8829
height,>,159,age,>,68,sex,=,1,income,=,0#986
height,>,163,age,>,77,sex,=,0,income,=,1#5377
height,<,161,age,>,77,sex,=,0,income,=,1#12201
height,<,173,age,>,87,sex,=,0,income,=,0#15206
height,<,154,age,>,20,sex,=,0,income,=,0#1105777
height,>,154,age,>,83,sex,=,0,income,=,1#2149
height,<,162,age,>,78,sex,=,1,income,=,0#10621
height,<,164,age,>,69,sex,=,1,income,=,1#2311
height,<,175,age,>,73,sex,=,0,income,=,0#2586
height,<,180,age,>,86,sex,=,1,income,=,1#15030
height,<,176,age,>,82,sex,=,0,income,=,1#1855
height,>,160,age,>,89,sex,=,0,income,=,0#13703
height,<,153,age,<,24,sex,=,1,income,=,1#22642
height,>,169,age,>,63,sex,=,1,income,=,1#1560
height,>,165,age,>,73,sex,=,1,income,=,1#3792
height,>,171,age,>,68,sex,=,0,income,=,1#3823
height,<,170,age,>,66,sex,=,1,income,=,0#640
height,<,151,age,<,56,sex,=,1,income,=,0#3936
height,<,162,age,>,54,sex,=,1,income,=,1#2035
height,>,167,age,>,74,sex,=,0,income,=,1#6431
height,>,150,age,>,73,sex,=,0,income,=,1#1792
height,<,151,age,<,84,sex,=,0,income,=,1#1872
height,>,177,age,<,88,sex,=,1,income,=,1#1558
height,<,176,age,>,88,sex,=,0,income,=,0#18913
height,<,152,age,<,71,sex,=,1,income,=,0#1769
height,>,178,age,<,82,sex,=,0,income,=,1#807
height,<,174,age,>,88,sex,=,0,income,=,1#1310
height,>,154,age,>,79,sex,=,1,income,=,1#9195
height,>,162,age,>,68,sex,=,1,income,=,0#1843
height,>,180,age,<,86,sex,=,1,income,=,1#5569
height,>,162,age,>,69,sex,=,0,income,=,1#1912
height,>,164,age,>,81,sex,=,0,income,=,0#10781
height,>,154,age,>,66,sex,=,1,income,=,1#1683
height,>,165,age,>,69,sex,=,1,income,=,1#2501
height,>,180,age,<,90,sex,=,0,income,=,0#766
height,>,178,age,<,39,sex,=,1,income,=,0#951
height,<,179,age,>,72,sex,=,1,income,=,0#669
height,<,171,age,>,78,sex,=,0,income,=,1#5277
height,>,178,age,<,82,sex,=,1,income,=,1#2808
height,<,167,age,>,74,sex,=,0,income,=,1#3818
height,<,168,age,>,74,sex,=,1,income,=,0#3127
height,<,178,age,>,85,sex,=,0,income,=,0#21794
height,<,152,age,<,28,sex,=,1,income,=,0#3774
height,>,156,age,>,80,sex,=,1,income,=,1#10071
height,>,152,age,>,81,sex,=,1,income,=,1#9899
height,>,179,age,<,47,sex,=,1,income,=,1#6013
height,<,166,age,>,83,sex,=,1,income,=,1#8836
height,>,179,age,<,64,sex,=,1,income,=,1#6013
height,>,161,age,>,84,sex,=,1,income,=,1#11107
height,<,163,age,>,75,sex,=,1,income,=,1#6463
height,>,180,age,>,23,sex,=,0,income,=,0#4083
height,>,162,age,>,83,sex,=,0,income,=,1#2305
height,<,154,age,>,20,sex,=,0,income,=,0#1105777
height,>,155,age,>,75,sex,=,0,income,=,1#2890
height,<,165,age,>,71,sex,=,1,income,=,0#1884
height,>,165,age,>,86,sex,=,0,income,=,0#42487
height,<,174,age,>,80,sex,=,1,income,=,0#5544
height,>,165,age,>,74,sex,=,0,income,=,1#4722
height,>,166,age,>,76,sex,=,0,income,=,1#7115
height,>,171,age,<,22,sex,=,0,income,=,0#3330
height,<,151,age,<,20,sex,=,1,income,=,1#54129
height,<,161,age,>,58,sex,=,0,income,=,0#1593
height,<,181,age,>,78,sex,=,0,income,=,0#4388
height,>,180,age,>,24,sex,=,0,income,=,1#13580
height,<,173,age,>,85,sex,=,0,income,=,0#24283
height,>,152,age,>,68,sex,=,1,income,=,0#986
height,>,178,age,<,80,sex,=,0,income,=,1#807
height,>,160,age,>,71,sex,=,1,income,=,0#1102
height,>,152,age,>,69,sex,=,1,income,=,0#1546
height,>,173,age,>,64,sex,=,1,income,=,1#188
height,<,151,age,<,41,sex,=,1,income,=,1#2989
height,>,171,age,>,72,sex,=,0,income,=,0#3970
height,>,150,age,>,76,sex,=,1,income,=,1#8155
height,<,158,age,>,24,sex,=,0,income,=,1#684793
height,<,178,age,>,82,sex,=,0,income,=,1#1855
height,<,170,age,>,80,sex,=,1,income,=,1#9786
height,>,178,age,<,82,sex,=,1,income,=,1#2808
height,>,169,age,>,71,sex,=,1,income,=,0#618
height,<,180,age,>,67,sex,=,1,income,=,1#2070
height,>,169,age,>,74,sex,=,1,income,=,1#2853
height,>,166,age,>,74,sex,=,0,income,=,1#5673
height,<,151,age,<,47,sex,=,1,income,=,1#2989
height,>,171,age,>,62,sex,=,0,income,=,1#2834
height,<,172,age,>,74,sex,=,1,income,=,0#2366
height,<,151,age,<,29,sex,=,0,income,=,1#1872
height,<,175,age,>,79,sex,=,0,income,=,0#8025
height,>,155,age,>,72,sex,=,1,income,=,1#962
height,<,151,age,<,40,sex,=,0,income,=,0#4254
height,>,178,age,<,32,sex,=,1,income,=,1#2808
height,<,151,age,<,76,sex,=,1,income,=,0#3936
height,>,168,age,>,75,sex,=,0,income,=,1#5958
height,>,173,age,>,79,sex,=,0,income,=,0#2995
height,>,169,age,>,77,sex,=,0,income,=,1#5349
height,>,161,age,>,82,sex,=,0,income,=,0#17180
height,>,179,age,<,90,sex,=,1,income,=,1#6013
height,<,164,age,>,78,sex,=,0,income,=,1#644
height,>,178,age,<,75,sex,=,0,income,=,1#807
height,<,180,age,>,80,sex,=,1,income,=,0#5925
height,<,167,age,>,71,sex,=,0,income,=,0#1579
height,<,166,age,>,71,sex,=,0,income,=,1#3999
height,>,151,age,>,74,sex,=,0,income,=,1#1089
height,>,162,age,>,84,sex,=,1,income,=,0#15689
height,<,153,age,<,27,sex,=,1,income,=,1#5630
height,>,171,age,>,77,sex,=,0,income,=,0#5769
height,<,151,age,<,76,sex,=,0,income,=,0#4254
height,>,172,age,>,70,sex,=,0,income,=,0#755
height,<,177,age,>,83,sex,=,0,income,=,1#2149
height,>,156,age,>,80,sex,=,0,income,=,0#8050
height,<,174,age,>,81,sex,=,1,income,=,1#10105
height,>,169,age,>,77,sex,=,0,income,=,1#5349
height,<,181,age,>,85,sex,=,1,income,=,1#8954
height,<,161,age,>,72,sex,=,0,income,=,1#1648
height,>,165,age,>,83,sex,=,1,income,=,1#7319
height,<,151,age,<,70,sex,=,0,income,=,0#4254
height,>,175,age,>,28,sex,=,1,income,=,1#33460
height,>,159,age,>,80,sex,=,1,income,=,0#5925
height,>,157,age,>,72,sex,=,1,income,=,0#669
height,>,152,age,>,86,sex,=,1,income,=,0#5455
height,<,167,age,>,87,sex,=,0,income,=,0#2473
height,<,174,age,>,89,sex,=,0,income,=,1#13093
height,<,164,age,>,73,sex,=,1,income,=,1#2641
height,>,173,age,<,24,sex,=,0,income,=,1#149815
height,<,152,age,<,68,sex,=,1,income,=,1#866
height,>,158,age,>,80,sex,=,1,income,=,1#10071
height,>,151,age,>,70,sex,=,1,income,=,1#2121
height,<,161,age,>,57,sex,=,0,income,=,0#1222
height,>,158,age,>,75,sex,=,0,income,=,1#2890
height,>,151,age,>,76,sex,=,1,income,=,1#8155
height,<,174,age,>,80,sex,=,1,income,=,0#5544
height,<,169,age,>,84,sex,=,0,income,=,1#44
height,>,161,age,>,82,sex,=,0,income,=,1#1511
height,<,180,age,>,78,sex,=,1,income,=,1#9061
height,>,153,age,>,72,sex,=,1,income,=,1#962
height,>,169,age,>,72,sex,=,0,income,=,0#3574
height,>,180,age,<,42,sex,=,1,income,=,1#5569
height,<,170,age,>,67,sex,=,1,income,=,0#448
height,<,168,age,>,66,sex,=,1,income,=,1#857
height,<,163,age,>,85,sex,=,0,income,=,0#14221
height,>,165,age,>,84,sex,=,0,income,=,1#504
height,<,152,age,<,47,sex,=,1,income,=,1#866
height,<,167,age,>,79,sex,=,1,income,=,0#184
height,<,165,age,>,63,sex,=,1,income,=,0#512
height,>,171,age,>,81,sex,=,1,income,=,0#9304
height,>,158,age,>,77,sex,=,1,income,=,1#8829
height,>,172,age,>,72,sex,=,0,income,=,0#2377
height,>,163,age,>,87,sex,=,0,income,=,1#25584
height,<,164,age,>,76,sex,=,0,income,=,0#1271
height,<,170,age,>,64,sex,=,1,income,=,1#1778
height,>,153,age,>,80,sex,=,0,income,=,0#8050
height,<,175,age,>,75,sex,=,0,income,=,0#4445
height,<,181,age,>,81,sex,=,1,income,=,1#9899
height,<,161,age,>,57,sex,=,0,income,=,1#2500
height,>,157,age,>,86,sex,=,0,income,=,0#25220
height,>,150,age,>,80,sex,=,0,income,=,1#7587
height,<,180,age,>,80,sex,=,1,income,=,0#5925
height,>,152,age,>,73,sex,=,1,income,=,1#3913
height,<,171,age,>,88,sex,=,0,income,=,1#4271
height,<,162,age,>,79,sex,=,1,income,=,0#12135
height,<,165,age,>,73,sex,=,0,income,=,0#1559
height,>,168,age,>,72,sex,=,0,income,=,1#3154
height,>,171,age,<,23,sex,=,0,income,=,1#35307
height,>,178,age,<,46,sex,=,0,income,=,1#807
height,>,153,age,>,85,sex,=,0,income,=,1#879
height,<,165,age,>,83,sex,=,1,income,=,0#6642
height,<,162,age,>,71,sex,=,0,income,=,0#535
height,>,162,age,>,73,sex,=,0,income,=,0#3261
height,>,179,age,<,65,sex,=,1,income,=,0#1017
height,<,158,age,>,21,sex,=,1,income,=,1#116829
height,>,150,age,>,80,sex,=,0,income,=,1#7587
height,<,153,age,<,33,sex,=,1,income,=,1#86
height,>,157,age,>,66,sex,=,1,income,=,1#1683
height,>,170,age,>,68,sex,=,1,income,=,0#1420
height,>,166,age,>,88,sex,=,0,income,=,0#36521
height,>,170,age,>,59,sex,=,1,income,=,1#781
height,>,164,age,>,67,sex,=,1,income,=,0#1556
height,<,173,age,>,72,sex,=,1,income,=,0#1204
height,>,166,age,>,77,sex,=,0,income,=,1#6895
height,>,159,age,>,70,sex,=,1,income,=,0#886
height,<,170,age,>,78,sex,=,0,income,=,0#4101
height,<,151,age,<,41,sex,=,0,income,=,1#1872
height,>,171,age,>,59,sex,=,1,income,=,0#939
height,<,165,age,>,84,sex,=,1,income,=,0#6697
height,>,163,age,>,75,sex,=,0,income,=,0#6595
height,>,179,age,>,24,sex,=,1,income,=,0#12056
height,<,177,age,>,74,sex,=,0,income,=,1#1089
height,>,165,age,>,83,sex,=,0,income,=,1#1773
height,<,152,age,<,40,sex,=,1,income,=,0#1769
height,>,171,age,>,66,sex,=,1,income,=,0#1820
height,>,177,age,>,25,sex,=,1,income,=,1#21765
height,>,150,age,>,75,sex,=,0,income,=,1#2890
height,>,161,age,>,86,sex,=,1,income,=,0#8496
height,<,151,age,<,22,sex,=,1,income,=,0#40297
height,>,167,age,>,78,sex,=,0,income,=,0#4542
height,>,173,age,>,74,sex,=,0,income,=,0#2597
height,<,151,age,<,77,sex,=,1,income,=,1#2989
height,>,167,age,>,84,sex,=,1,income,=,1#4313
height,<,167,age,>,77,sex,=,1,income,=,1#6566
height,>,169,age,>,82,sex,=,1,income,=,0#6637
height,>,179,age,<,68,sex,=,1,income,=,0#1017
height,>,150,age,>,75,sex,=,0,income,=,1#2890
height,>,170,age,<,22,sex,=,0,income,=,0#2510
height,>,166,age,>,80,sex,=,1,income,=,1#9007
height,<,152,age,<,25,sex,=,1,income,=,1#16688
height,>,158,age,>,84,sex,=,0,income,=,0#17372
height,>,169,age,>,66,sex,=,1,income,=,1#2076
height,<,165,age,>,73,sex,=,1,income,=,1#1643
height,>,153,age,>,78,sex,=,1,income,=,1#9061
height,>,180,age,<,79,sex,=,1,income,=,0#961
height,>,180,age,<,33,sex,=,0,income,=,1#2760
height,>,180,age,<,74,sex,=,1,income,=,1#5569
height,>,180,age,<,87,sex,=,0,income,=,1#2760
height,<,152,age,<,36,sex,=,1,income,=,0#1769
height,<,178,age,>,83,sex,=,1,income,=,0#10343
height,>,157,age,>,86,sex,=,0,income,=,0#25220
height,>,160,age,>,80,sex,=,1,income,=,1#11355
height,>,158,age,>,88,sex,=,0,income,=,1#4516
height,>,158,age,>,75,sex,=,1,income,=,0#2857
height,>,178,age,>,26,sex,=,0,income,=,1#33679
height,<,177,age,>,67,sex,=,1,income,=,1#2070
height,>,178,age,<,49,sex,=,1,income,=,1#2808
height,<,164,age,>,76,sex,=,1,income,=,0#676
height,>,158,age,>,69,sex,=,1,income,=,0#1546
height,<,163,age,>,71,sex,=,1,income,=,0#407
height,<,152,age,<,23,sex,=,1,income,=,1#30487
height,>,163,age,>,70,sex,=,0,income,=,0#2102
height,<,152,age,<,32,sex,=,1,income,=,0#1769
height,>,179,age,<,74,sex,=,0,income,=,1#636
height,<,174,age,>,74,sex,=,1,income,=,1#4941
height,<,159,age,>,24,sex,=,0,income,=,0#207922
height,>,178,age,<,58,sex,=,1,income,=,0#951
height,>,170,age,>,71,sex,=,1,income,=,1#2121
height,<,162,age,>,61,sex,=,1,income,=,1#1139
height,>,178,age,<,33,sex,=,1,income,=,0#951
height,>,161,age,>,86,sex,=,1,income,=,1#16374
height,<,178,age,>,87,sex,=,0,income,=,0#16607
height,>,153,age,>,74,sex,=,0,income,=,0#3039
height,>,150,age,>,78,sex,=,0,income,=,1#3329
height,>,161,age,>,85,sex,=,1,income,=,1#9917
height,<,175,age,>,69,sex,=,1,income,=,1#2217
height,<,179,age,>,89,sex,=,0,income,=,1#8306
height,>,164,age,>,66,sex,=,1,income,=,0#1443
height,>,165,age,>,74,sex,=,0,income,=,1#4722
height,<,151,age,<,32,sex,=,1,income,=,0#3936
height,>,180,age,<,40,sex,=,0,income,=,0#766
height,<,181,age,>,76,sex,=,0,income,=,1#3614
height,<,168,age,>,71,sex,=,1,income,=,1#1165
height,>,160,age,>,78,sex,=,0,income,=,0#4229
height,<,152,age,<,89,sex,=,1,income,=,1#866
height,<,163,age,>,80,sex,=,0,income,=,1#2389
height,<,163,age,>,72,sex,=,1,income,=,1#681
height,>,179,age,<,60,sex,=,0,income,=,1#636
height,<,151,age,<,62,sex,=,1,income,=,0#3936
height,>,179,age,<,84,sex,=,0,income,=,0#916
height,<,151,age,<,89,sex,=,0,income,=,0#4254
height,<,163,age,>,81,sex,=,1,income,=,1#13403
height,>,159,age,>,76,sex,=,0,income,=,1#3614
height,>,172,age,>,76,sex,=,0,income,=,1#8677
height,<,167,age,>,80,sex,=,1,income,=,1#11349
height,<,152,age,<,23,sex,=,1,income,=,0#31120
height,>,162,age,>,88,sex,=,0,income,=,0#24247
height,>,157,age,>,84,sex,=,1,income,=,1#8381
height,<,162,age,>,77,sex,=,0,income,=,1#1668
height,>,151,age,>,89,sex,=,0,income,=,1#8306
height,<,151,age,<,44,sex,=,1,income,=,0#3936
height,<,177,age,>,73,sex,=,0,income,=,1#1792
height,>,152,age,>,75,sex,=,1,income,=,0#2857
height,<,162,age,>,64,sex,=,1,income,=,1#2072
height,>,155,age,>,84,sex,=,1,income,=,1#8381
height,>,179,age,<,44,sex,=,1,income,=,1#6013
height,<,170,age,>,70,sex,=,0,income,=,0#396
height,>,162,age,>,81,sex,=,1,income,=,1#9075
height,<,177,age,>,73,sex,=,0,income,=,0#2586
height,<,167,age,>,82,sex,=,1,income,=,1#21888
height,>,167,age,>,73,sex,=,1,income,=,0#652
height,>,154,age,>,67,sex,=,1,income,=,1#2070
height,<,181,age,>,76,sex,=,0,income,=,0#4756
height,>,152,age,>,70,sex,=,1,income,=,0#886
height,>,163,age,>,72,sex,=,0,income,=,1#2650
height,<,163,age,>,71,sex,=,0,income,=,0#104
height,>,178,age,<,30,sex,=,1,income,=,1#65630
height,<,181,age,>,87,sex,=,1,income,=,1#1654
height,>,151,age,>,85,sex,=,1,income,=,0#5791
height,<,179,age,>,71,sex,=,0,income,=,1#156
height,>,162,age,>,84,sex,=,0,income,=,0#18272
height,>,167,age,>,82,sex,=,1,income,=,0#10304
height,<,178,age,>,87,sex,=,1,income,=,0#5475
height,>,166,age,>,67,sex,=,1,income,=,1#3314
height,>,164,age,>,68,sex,=,1,income,=,1#3212
height,<,173,age,>,73,sex,=,1,income,=,1#4703
height,<,174,age,>,83,sex,=,0,income,=,0#17067
height,>,173,age,>,78,sex,=,0,income,=,0#531
height,>,155,age,>,72,sex,=,0,income,=,0#1776
height,>,154,age,>,88,sex,=,1,income,=,1#5857
height,<,174,age,>,75,sex,=,1,income,=,0#3321
height,<,161,age,>,63,sex,=,1,income,=,0#1411
height,>,163,age,>,68,sex,=,0,income,=,1#1890
height,>,163,age,>,74,sex,=,1,income,=,0#1678
height,>,178,age,>,18,sex,=,0,income,=,1#807
height,>,171,age,>,60,sex,=,1,income,=,0#677
height,>,178,age,<,29,sex,=,1,income,=,0#300485
height,>,156,age,>,84,sex,=,1,income,=,1#8381
height,<,163,age,>,70,sex,=,1,income,=,1#2635
height,>,171,age,>,70,sex,=,0,income,=,0#2215
height,<,165,age,>,75,sex,=,0,income,=,0#1071
height,<,152,age,<,45,sex,=,1,income,=,1#866
height,>,161,age,>,72,sex,=,0,income,=,0#2273
height,>,180,age,<,41,sex,=,0,income,=,1#2760
height,<,177,age,>,88,sex,=,0,income,=,0#18913
height,>,179,age,<,56,sex,=,0,income,=,0#916
height,<,181,age,>,85,sex,=,1,income,=,1#8954
height,>,178,age,<,73,sex,=,0,income,=,1#807
height,<,177,age,>,79,sex,=,1,income,=,0#5457
height,>,177,age,<,71,sex,=,1,income,=,1#1558
height,>,153,age,>,88,sex,=,0,income,=,0#18913
height,<,165,age,>,79,sex,=,0,income,=,0#6589
height,<,164,age,>,73,sex,=,0,income,=,1#2552
height,>,163,age,>,75,sex,=,0,income,=,1#4894
height,>,167,age,>,84,sex,=,1,income,=,0#5517
height,<,176,age,>,71,sex,=,1,income,=,1#2094
height,<,161,age,>,74,sex,=,0,income,=,1#3841
height,>,172,age,>,75,sex,=,0,income,=,0#3952
height,>,155,age,>,79,sex,=,0,income,=,0#8025
height,<,165,age,>,68,sex,=,1,income,=,1#94
height,>,153,age,>,84,sex,=,1,income,=,1#8381
height,<,163,age,>,69,sex,=,0,income,=,1#3125
height,<,168,age,>,75,sex,=,0,income,=,0#3987
height,>,180,age,<,57,sex,=,1,income,=,1#5569
height,>,172,age,<,23,sex,=,0,income,=,0#21593
height,<,161,age,>,51,sex,=,1,income,=,1#2021
height,<,175,age,>,74,sex,=,0,income,=,1#1089
height,>,164,age,>,72,sex,=,0,income,=,1#3176
height,>,160,age,>,72,sex,=,0,income,=,0#2010
height,>,167,age,>,75,sex,=,1,income,=,0#777
height,<,164,age,>,79,sex,=,0,income,=,1#1471
height,<,169,age,>,79,sex,=,1,income,=,0#2115
height,>,177,age,<,28,sex,=,0,income,=,1#414334
height,>,153,age,>,73,sex,=,1,income,=,0#1758
height,>,178,age,<,37,sex,=,0,income,=,1#807
height,<,171,age,>,74,sex,=,0,income,=,0#3195
height,<,152,age,<,86,sex,=,1,income,=,1#866
height,>,180,age,<,42,sex,=,0,income,=,0#766
height,>,169,age,>,76,sex,=,0,income,=,0#5986
height,>,156,age,>,73,sex,=,1,income,=,1#3913
height,>,153,age,>,74,sex,=,1,income,=,1#3775