height,>,147.41,sex,=,0#242
income,>,3752,sex,=,0,height,>,138.88#3408
age,>,60,sex,=,0#626
age,>,53,income,<,9255#107
sex,=,0,income,<,2871,age,<,74#38264
height,<,167.12,age,>,58#3618
height,>,166.35,income,<,4247,age,<,46#2039
sex,=,0,height,<,188.59#181
income,<,4291,height,<,176.36,age,<,13#249
sex,=,1,height,>,161.59#39
sex,=,0,age,<,29#120
income,<,5820,sex,=,0#1703
sex,=,1,income,<,3070#13535
age,>,64,height,<,159.97,sex,=,0#4895
income,>,2619,sex,=,1#2188
income,>,4943,age,>,78#3473
income,>,1242,height,>,189.83,age,<,80#464
sex,=,1,income,>,4412,height,<,173.44#4371
height,>,181.05,age,>,52#4193
age,>,59,height,>,152.61#233
income,<,5272,sex,=,0,height,<,132.66#4084
sex,=,1,income,<,7722#2824
height,<,182.87,income,>,1825,sex,=,1#1347
sex,=,0,income,<,4018,height,>,141.78#17153
height,>,167.76,income,<,2152,sex,=,0#55263
height,>,171.13,sex,=,1#588
age,<,30,income,<,8339,sex,=,1#1933
sex,=,1,income,>,3331,age,>,17#3254
height,<,156.28,income,<,9582#2040
height,<,172.44,age,<,33#209
age,>,18,income,>,5641,height,>,143.65#36
income,>,9082,sex,=,0,height,>,154.17#19521
height,>,181.88,income,<,3600#4
height,>,170.69,sex,=,1,income,<,4478#5767
sex,=,1,height,<,189.95#185
height,>,138.76,sex,=,0#159
age,>,24,sex,=,1,income,>,8666#50036
age,>,47,income,>,7426,sex,=,1#25373
income,>,1183,sex,=,1#832
height,>,153.9,income,<,2037#755
height,>,142.66,income,<,9052#8
sex,=,1,income,>,9527,height,<,137.35#74323
sex,=,1,income,<,9005,age,>,65#943
age,>,13,income,>,1301#15
sex,=,0,age,>,50#333
age,<,50,income,>,9778#1243
height,>,144.64,sex,=,0,age,>,52#381
income,>,3410,age,>,49#147
income,<,6357,height,<,148.04#1119
height,<,152.8,sex,=,1,income,>,5365#2663
height,>,144.32,income,>,5431#339
age,>,42,income,<,2501#2040
height,<,160.14,sex,=,1,age,<,52#3419
sex,=,1,age,>,80#10
income,>,5644,sex,=,0#649
age,>,64,height,>,149.56,income,<,7557#0
age,>,49,income,>,4519#22
age,>,54,height,>,180.25#3798
age,<,36,income,<,3830,sex,=,0#20067
income,<,7689,height,<,141.15,age,<,14#20589
income,>,1650,sex,=,1,height,<,132.29#10956
sex,=,1,height,<,169.8#12
income,>,9865,height,<,150.85,sex,=,0#20435
sex,=,0,income,>,9086#19477
sex,=,1,height,<,173.6#125
height,>,174.25,income,<,3247#985
sex,=,0,age,>,69,income,<,1926#62646
sex,=,1,height,>,147.36#85
sex,=,0,height,>,178.86,age,<,31#2935
age,<,68,height,<,137.31,sex,=,0#2696
height,<,181.22,sex,=,0,age,<,27#84
age,<,62,sex,=,1#100
age,<,59,height,<,171.25#747
income,<,5762,age,<,56#337
sex,=,0,age,>,8#140
income,>,5186,height,<,189.94,age,<,69#44
age,>,22,sex,=,1,height,>,144.11#141
height,<,142.0,sex,=,0,income,>,1525#1833
sex,=,1,age,>,18,height,<,138.98#67181
height,>,144.13,age,<,46,sex,=,1#261
income,<,1930,sex,=,1,age,>,74#17677
age,>,60,sex,=,0#626
age,>,28,height,>,179.88#673
income,<,4718,sex,=,0#7549
income,<,3734,height,>,170.69#907
age,>,27,sex,=,1#195
age,<,72,sex,=,1,height,<,131.86#5760
sex,=,0,age,<,23,income,>,9225#19270
age,<,26,height,<,186.34,sex,=,1#260
height,>,151.79,income,>,4247#64
age,<,65,sex,=,0,height,>,170.7#715
income,>,2409,height,>,147.07,age,>,14#319
height,<,163.76,sex,=,0,income,<,8388#2114
income,<,5495,sex,=,0,height,>,169.9#431
sex,=,1,income,<,9488,age,<,29#642
income,>,3029,sex,=,1#2834
age,>,29,sex,=,1,height,<,172.83#44
age,>,65,sex,=,1,income,>,9308#66114
sex,=,0,height,<,178.09,age,<,72#77
sex,=,0,height,<,161.05#607
age,<,41,height,>,159.07,sex,=,1#690
income,<,8251,sex,=,1#2136
sex,=,1,income,<,4837,height,>,181.21#4586
height,<,153.81,age,>,70,income,<,7399#5573
income,<,7496,height,<,163.11,sex,=,1#3025
income,>,4732,sex,=,1#3958
sex,=,0,income,>,7997,height,<,149.51#11571
sex,=,0,age,<,70,height,>,145.68#229
income,>,1962,sex,=,1,height,<,188.24#1507
age,<,49,income,<,5164,sex,=,0#2687
height,>,178.76,sex,=,0,income,<,4726#7560
sex,=,0,height,>,156.82#476
sex,=,0,age,<,61#7
height,<,159.77,age,>,31#76
sex,=,1,age,<,8#10
sex,=,1,height,>,182.56,income,>,3010#2672
income,<,6525,height,<,169.2#433
income,>,4130,age,>,39,sex,=,0#3673
income,<,4782,age,<,15,sex,=,1#4069
age,>,38,sex,=,0,height,<,157.39#129
height,<,157.74,age,<,38,income,<,3625#1561
age,>,71,height,<,163.64#3813
income,>,7370,height,>,130.99,age,>,21#862
age,<,35,sex,=,0,income,>,5961#1540
sex,=,1,age,>,65,height,>,184.66#4126
sex,=,1,income,>,2430#1968
income,<,4758,height,>,181.76#391
sex,=,1,height,>,145.77#115
age,>,41,sex,=,1,income,<,4857#3133
sex,=,1,age,>,60,income,<,2858#13240
height,<,143.07,sex,=,0#3
sex,=,1,height,<,138.17,income,<,2597#16591
sex,=,1,income,>,7382,height,<,171.68#25589
sex,=,0,height,<,152.39#774
age,<,76,height,<,155.29#1921
age,<,19,sex,=,1#576
sex,=,0,height,>,166.35#169
income,>,7220,sex,=,1#22765
income,>,9493,sex,=,0#21185
age,>,10,height,<,180.15#43
age,<,47,income,>,1143,height,>,189.14#3668
height,>,138.34,income,>,9953,age,>,32#2267
age,>,29,income,<,6757#251
height,<,188.77,income,<,5629,sex,=,0#378
height,>,181.79,income,>,3010,sex,=,0#2820
sex,=,0,height,>,165.9#141
income,<,6060,sex,=,1#2506
sex,=,1,age,<,81,height,<,147.26#2200
height,<,141.88,sex,=,1,income,<,1193#24970
height,>,162.52,sex,=,0#314
income,>,6287,height,<,169.02#713
age,>,77,height,<,139.52#6790
sex,=,1,age,>,25#207
height,<,171.97,income,<,1986#381
sex,=,1,age,<,60#101
age,>,34,sex,=,1#5
income,>,2157,sex,=,0,age,<,12#1221
income,<,3780,age,>,29#339
income,<,4297,sex,=,0,height,<,160.9#13248
sex,=,1,age,<,57#165
sex,=,1,age,<,80,height,<,157.45#2058
sex,=,1,height,<,131.93#4526
age,<,36,height,>,175.75#3660
income,>,2528,height,>,134.18,sex,=,1#2047
age,<,67,sex,=,1,income,<,9734#648
sex,=,1,age,>,29,income,>,1530#1022
sex,=,0,income,<,5691,age,<,62#495
age,<,56,sex,=,0#89
sex,=,1,height,<,133.58,income,>,9033#55946
sex,=,0,income,>,1675#1212
height,<,141.09,age,>,31#2491
sex,=,1,age,>,32#35
age,<,25,sex,=,0#143
height,<,138.59,age,>,33,sex,=,0#15667
age,<,23,income,>,1268#111
sex,=,0,income,>,3583,age,<,43#2942
age,<,35,height,<,186.43#88
age,<,58,height,>,158.34,income,<,6009#1392
sex,=,1,age,>,69#588
height,>,168.61,income,>,4370,sex,=,1#4576
height,<,136.8,sex,=,0,income,<,7494#636
age,<,74,income,>,8185,height,>,143.97#1394
sex,=,1,age,<,59,income,>,1844#1365
height,<,134.98,income,<,4701#2649
age,>,39,income,>,7593#610
income,<,3856,height,<,150.3#1546
income,<,2332,height,>,178.12,age,<,74#125
sex,=,1,age,>,17,height,>,183.3#276
height,>,143.32,sex,=,1,income,<,6263#2901
height,<,164.67,sex,=,0,age,>,12#222
income,>,3544,height,>,140.19#45
income,<,7135,height,>,161.16,sex,=,1#3550
sex,=,1,age,<,17,income,>,1034#1511
sex,=,0,age,<,47,income,<,1280#77093
income,<,5496,sex,=,0#984
age,<,81,sex,=,0#166
age,<,74,income,>,8226,height,>,167.2#1009
income,>,3298,height,>,165.81#147
sex,=,0,age,>,70,height,>,186.68#3335
income,>,8261,age,>,38,sex,=,1#41672
height,<,172.33,sex,=,1,age,>,34#167
income,>,1231,sex,=,1,age,>,69#1251
height,>,143.73,age,>,60#159
sex,=,0,age,<,33#216
sex,=,0,height,>,158.51,income,<,8225#1835
age,>,53,sex,=,0#296
income,<,5182,sex,=,0#2509
income,<,5645,height,>,132.98#276
income,<,4641,sex,=,0,height,<,141.52#3427
age,<,68,sex,=,0#179
height,>,162.49,income,<,1162,sex,=,1#22511
income,>,9068,age,<,72#1156
income,<,4193,age,<,35#342
height,<,156.33,age,>,81#10
age,<,28,sex,=,1#88
age,>,57,sex,=,0#563
height,<,162.89,income,<,6831,age,<,71#374
height,>,155.93,sex,=,0#444
age,<,79,income,>,1584,height,<,178.57#100
income,>,3731,sex,=,1,height,>,131.05#3896
age,<,27,income,<,9850,height,<,165.64#86
income,>,8880,sex,=,1#55197
height,<,136.95,age,<,13,income,<,4142#32135
income,>,2997,sex,=,0#2739
age,<,55,sex,=,0#47
sex,=,1,income,<,6545#3223
height,>,184.67,sex,=,1,age,>,75#3628
height,>,131.56,sex,=,1,age,<,53#268
income,<,1419,age,>,60#2409
height,>,164.61,age,>,13#246
height,>,184.92,sex,=,1,income,>,1621#399
sex,=,0,height,>,143.65,income,>,5302#829
income,<,1525,age,>,32#207
income,>,9293,sex,=,0#19611
height,>,149.5,age,<,77#101
height,<,183.66,age,>,30#168
income,>,6648,sex,=,0,age,>,25#6989
age,<,12,sex,=,1,height,<,171.82#1020
height,>,173.98,sex,=,0#103
age,>,16,sex,=,1#66
height,>,133.48,sex,=,1#165
income,<,4896,age,<,15,sex,=,1#3289
sex,=,0,income,<,4856#6091
income,>,8570,height,<,159.84#2131
height,>,180.76,age,<,60,income,<,1953#1490
income,<,8658,sex,=,1,height,<,148.55#379
height,>,143.11,income,<,7242#276
income,<,3349,height,>,169.43,age,<,69#39
income,<,5416,height,<,170.91#826
income,>,7534,height,>,175.22,age,<,69#433
height,<,143.69,sex,=,0#441
height,<,131.38,sex,=,0,age,<,34#1544
age,>,73,height,>,133.16#38
sex,=,0,height,<,164.07#20
age,>,16,income,>,8459,height,>,185.53#3215
income,<,1772,age,>,33#465
age,>,44,sex,=,0#304
income,<,5332,age,<,54#479
sex,=,1,age,>,34,height,>,181.95#177
age,>,26,income,>,2447#133
sex,=,1,income,>,6932,age,>,69#17274
income,>,5225,height,<,186.27#69
height,<,158.4,sex,=,1#1385
height,>,150.21,income,>,8011#1009
income,>,1811,height,<,173.68,sex,=,1#1277
age,>,25,height,>,146.26#17
height,>,157.86,age,>,63,sex,=,1#896
height,<,169.1,income,>,2676#208
age,<,47,sex,=,0#63
income,<,8827,age,>,9#9
age,<,56,height,>,158.12,sex,=,1#753
income,<,9283,age,<,75,height,>,160.25#425
sex,=,0,age,>,68#20
age,>,26,sex,=,0#207
income,>,4887,sex,=,0,age,<,40#2138
income,<,5456,sex,=,0,height,>,165.84#321
age,<,8,height,<,175.64,income,<,8101#10
sex,=,1,age,<,37,income,<,2543#15512
income,>,8819,height,>,176.15#375
income,<,1324,age,>,77,height,>,182.58#4038
sex,=,1,age,<,18,income,<,5926#2222
income,<,4614,age,<,8,height,<,181.24#10
sex,=,1,age,<,76,income,>,1391#1026
height,>,170.9,income,<,9675#221
income,<,2592,sex,=,0#45834
height,<,147.5,income,<,7408#1595
age,>,76,income,<,7061,sex,=,0#3600
sex,=,1,age,<,33#418
height,>,144.42,income,<,8313,age,>,9#278
height,<,136.18,income,<,9265#1472
height,<,159.65,age,<,58#2643
sex,=,1,height,<,188.71#183
sex,=,1,age,>,71#732
sex,=,1,income,<,1549,age,>,48#20702
age,>,24,income,<,5496,sex,=,0#790
age,>,16,height,>,184.74#204
income,>,6781,height,>,130.38,age,<,55#973
age,<,52,sex,=,0#13
height,>,188.45,age,>,49#3071
height,>,184.79,age,<,69,sex,=,0#1429
sex,=,1,height,<,160.59#1166
income,<,4938,sex,=,0#5141
age,>,52,height,<,168.07,income,<,1100#2592
age,>,12,sex,=,0#212
income,>,3101,height,>,131.94,age,>,44#235
income,<,7253,sex,=,0#3335
income,>,7011,sex,=,1#19378
age,<,48,income,<,7300#110
sex,=,1,height,<,168.88#71
income,>,8955,sex,=,1#56610
age,<,78,income,<,8618,height,>,180.67#78
income,>,3659,age,<,35,sex,=,1#4226
height,>,142.22,income,>,2066#44
sex,=,1,age,>,51#52
income,<,9220,sex,=,1,height,<,156.75#945
income,<,6060,sex,=,0,height,<,133.74#1462
sex,=,0,income,<,2717#42366
sex,=,1,height,>,151.65,age,>,11#130
age,<,14,sex,=,0#34
income,>,6600,height,>,130.96#456
height,<,137.58,sex,=,1#2676
income,>,7812,height,<,137.37#1730
income,<,3880,sex,=,0,age,<,69#18870
sex,=,0,income,>,7831,height,<,164.09#12599
sex,=,0,age,>,72#353
income,>,3894,age,>,78#2600
sex,=,0,income,>,5682#852
age,>,23,sex,=,0,height,>,159.0#473
height,>,167.94,sex,=,0,income,<,3219#31993
income,<,7904,height,<,135.1#1823
height,>,139.25,sex,=,1#171
sex,=,1,age,>,44#201
height,>,153.92,age,<,41#407
height,>,150.17,income,<,2404#932
age,>,63,income,>,9282#366
sex,=,0,income,<,4958#4989
height,<,178.77,sex,=,1,income,<,9347#880
income,>,7006,height,>,167.17,age,<,71#516
age,<,30,height,<,161.49,sex,=,0#1573
income,<,1575,height,<,136.18#75
sex,=,0,income,>,8386#15887
sex,=,1,income,>,4746,height,<,178.26#4010
age,>,19,sex,=,0#288
age,<,47,income,<,2703#1345
income,<,1484,age,>,38,height,<,142.0#26624
age,>,9,income,>,1395#33
height,>,175.53,sex,=,1,income,>,7550#28080
income,>,9620,age,>,81,height,<,159.15#10
income,>,4086,height,<,172.67#23
sex,=,1,age,<,8,income,<,2953#10
sex,=,0,age,>,25,income,<,1317#76635
income,>,7332,height,>,164.77#781
age,<,43,height,>,146.44,income,>,8488#1384
height,>,154.15,sex,=,0#316
age,<,13,height,<,166.48#446
sex,=,0,income,>,3686#3373
sex,=,1,income,<,1162#22495
age,>,78,income,<,2231,height,<,177.97#1482
income,>,4327,age,<,70,height,<,185.09#208
sex,=,1,height,>,188.59#5
income,>,6331,age,<,39,sex,=,0#4122
sex,=,1,age,<,47#276
sex,=,1,age,<,23#179
income,<,9890,height,>,161.3,age,>,79#1107
sex,=,0,age,>,64,income,<,6840#3568
income,>,6258,sex,=,1#8694
height,>,158.59,age,<,65#532
age,<,65,sex,=,1#155
height,>,140.02,income,>,8367,age,<,21#2383
sex,=,0,income,<,4008,age,>,80#10
sex,=,0,height,<,148.9,age,<,48#3548
income,>,3595,age,>,65,sex,=,1#3547
height,<,179.62,income,<,4708,sex,=,0#7672
income,<,6834,sex,=,0#3702
age,<,27,height,<,138.14#4990
sex,=,0,age,<,79#104
age,<,67,sex,=,0,income,<,9329#872
height,>,161.31,income,>,6227,sex,=,0#4414
height,<,164.81,age,>,26#321
income,>,2562,age,>,22,height,>,132.08#218
income,<,8935,sex,=,0,height,>,177.17#1107
sex,=,1,height,<,135.68,age,>,72#7524
age,>,15,income,>,5549,sex,=,1#568
sex,=,0,age,<,81,height,>,178.4#485
sex,=,0,height,<,171.71#297
height,>,136.52,income,<,3138,age,>,23#757
sex,=,0,height,<,181.49#150
sex,=,1,height,<,130.2#5312
age,>,24,sex,=,1,income,<,7853#2635
height,>,139.33,sex,=,0#171
sex,=,1,income,>,5021#3062
sex,=,1,age,<,73#122
income,>,6981,age,>,59#320
income,<,9549,sex,=,1,height,>,142.06#664
age,<,8,height,>,145.62#10
height,>,168.29,sex,=,1#412
height,<,156.99,age,<,14,sex,=,0#980
sex,=,1,income,<,6093,height,<,132.75#1737
age,<,25,height,<,180.75,income,>,9246#3273
age,<,76,income,<,6416#319
sex,=,1,income,<,2219,height,<,171.73#18295
income,<,3303,sex,=,1,age,>,58#11698
income,>,1104,height,<,147.91#1707
height,<,141.44,income,<,9914,age,>,19#25844
age,<,67,height,<,161.09#1498
income,>,9815,age,>,71#74
income,>,4793,age,>,63#749
sex,=,0,height,>,134.72,age,>,38#373
income,>,4018,sex,=,0,age,>,32#3725
sex,=,0,income,>,3260#3013
height,<,142.44,sex,=,0,age,<,59#845
income,<,2950,sex,=,1,height,<,147.87#12432
income,<,4893,sex,=,0#5632
height,>,141.21,income,>,4313,sex,=,0#3312
age,<,56,height,>,183.0,income,<,3390#2777
income,<,3616,height,<,174.44#125
age,>,53,height,>,151.21#183
sex,=,1,income,>,1111,height,>,173.02#858
age,<,49,sex,=,1#304
sex,=,1,height,>,135.76,income,<,4613#5392
height,>,163.15,age,>,29#88
age,<,67,income,>,3059#67
age,>,62,income,<,4746#928
age,>,73,sex,=,1#511
sex,=,0,height,>,149.37#270
height,>,189.35,income,>,9309,sex,=,0#18259
income,>,8089,age,<,31,sex,=,1#39617
sex,=,0,height,>,170.15,income,>,2918#2552
height,<,166.47,age,<,15#1364
age,>,47,sex,=,0#464
sex,=,1,income,<,8225#2181
income,>,5941,sex,=,0,age,<,70#2228
sex,=,1,income,>,1844#1361
income,<,7544,age,<,46,sex,=,0#3296
age,<,25,height,<,153.14#2406
height,<,155.27,sex,=,0,income,<,5750#2702
height,<,146.88,income,>,6704#3065
height,>,176.43,income,>,1010#136
sex,=,1,age,<,21#508
age,>,12,sex,=,0#212
income,<,7225,height,<,147.06#1658
age,<,39,sex,=,0,income,>,4570#2601
income,<,2123,sex,=,0,height,<,180.19#55249
sex,=,0,height,<,145.86#1666
sex,=,0,height,>,183.9,age,>,32#1622
age,<,43,sex,=,1,height,<,172.32#588
income,>,8283,age,<,27,height,>,179.98#4088
income,<,5592,age,>,9,height,<,173.14#375
income,>,2514,age,<,39,sex,=,1#2197
height,>,151.99,age,>,53,income,<,6627#195
sex,=,1,height,<,137.96#1951
sex,=,0,age,<,39,income,<,6817#3859
income,<,4747,age,>,37#86
age,>,48,height,<,183.03#757
age,<,16,height,>,182.22,sex,=,0#41531
sex,=,1,height,<,153.31#1364
sex,=,0,age,<,45,income,<,2366#49207
income,>,3131,age,>,79#312
income,>,8892,sex,=,1#55366
age,>,63,income,<,4321#743
height,>,167.04,sex,=,0,age,<,23#69
height,<,153.24,income,<,9001#992
age,>,42,height,<,156.42,sex,=,0#1586
sex,=,1,income,>,9930,age,<,73#90221
height,>,184.19,age,>,35#1780
age,<,54,sex,=,0#90
age,<,13,height,<,182.7#571
height,<,155.35,income,>,4031#1829
height,<,165.91,income,>,7905,sex,=,0#13305
height,<,179.17,sex,=,1,age,<,37#341
income,<,6805,height,<,158.14,age,>,22#2376
income,>,7144,height,<,185.19,age,>,27#985
income,>,3828,sex,=,1#3985
income,<,7330,age,>,38#289
income,<,7953,height,<,149.14,sex,=,1#870
age,>,21,sex,=,0,income,>,7700#12484
sex,=,1,height,<,151.45#1618
age,<,27,income,>,5925#1016
income,<,1486,height,>,185.26,age,<,38#5200
income,<,5891,height,<,169.66#517
height,>,186.03,sex,=,1#267
sex,=,1,age,>,14#98
height,>,178.17,income,<,9082,age,>,10#338
age,<,50,height,<,182.05#521
income,<,2718,sex,=,0#42327
height,>,188.71,income,<,3674#1863
income,>,9734,sex,=,1,height,>,170.11#79791
sex,=,1,income,>,2996,age,>,59#2769
age,>,81,income,<,3556#10
sex,=,1,income,<,2910,age,>,43#13672
height,>,170.31,income,<,9853#228
age,>,76,income,>,1208#230
age,>,63,income,>,9387,height,>,186.24#8723
height,>,136.61,age,>,52,income,>,8396#575
sex,=,0,height,>,183.5,age,>,44#4358
height,<,178.82,age,<,30#33
sex,=,0,income,>,7771#12599
age,>,34,sex,=,1,income,<,5843#1620
income,>,9669,age,>,36#184
sex,=,0,height,<,132.91,income,>,8245#9902
income,<,4886,sex,=,0,height,>,143.61#5779
height,>,186.82,age,>,36,income,<,2559#4062
income,>,6733,age,>,28#259
age,<,28,height,<,184.79,sex,=,1#296
sex,=,1,income,<,4848,age,<,33#3741
age,>,30,sex,=,0#256
height,>,184.2,age,>,73#4526
height,>,171.14,sex,=,1,income,>,6836#16346
sex,=,1,height,>,160.22#131
sex,=,1,income,<,4269#7532
height,>,140.4,sex,=,0,income,<,7680#2882
income,<,3577,age,>,40,height,>,133.75#574
height,>,135.25,age,<,58,sex,=,0#31
sex,=,0,height,>,163.69,income,<,1791#63245
age,>,42,income,<,8371#197
age,>,75,height,<,187.42,income,>,4166#1434
age,>,50,sex,=,1#122
income,<,1751,height,<,152.57,sex,=,1#20062
income,<,6737,height,<,139.98#787
income,>,6133,sex,=,1,height,<,131.99#14449
age,>,12,sex,=,0#212
sex,=,0,height,<,166.73#181
sex,=,0,income,<,4878#5844
height,>,162.4,sex,=,0#258
age,>,25,income,<,6282#144
height,<,174.43,age,>,16,income,<,1655#762
sex,=,1,height,>,132.79,age,>,80#10
sex,=,0,age,<,24,income,>,6232#3567
income,<,7489,sex,=,0#3116
age,<,58,height,>,131.01,income,>,4031#243
income,>,6519,height,<,174.15#392
height,<,131.67,sex,=,1#3984
sex,=,0,age,>,35#456
age,<,67,height,>,188.09#1176
height,>,189.64,income,>,6990,age,<,45#1448
income,>,3008,sex,=,0,age,>,29#2882
height,>,136.86,age,<,11#1579
age,<,80,height,>,171.6,income,>,6040#526
height,>,155.56,sex,=,0#406
sex,=,1,height,<,154.19#1371
sex,=,1,income,<,3665,age,<,59#10983
height,>,157.3,age,<,23#89
sex,=,1,income,<,8353#2006
age,<,55,height,<,144.44,income,>,8695#2340
age,>,40,income,>,1196,sex,=,0#1007
height,>,160.17,age,>,68#1186
sex,=,0,age,<,77#129
sex,=,1,age,<,72,height,<,159.3#1813
age,>,46,income,>,2906#368
height,>,131.17,income,<,9605,sex,=,1#641
sex,=,1,height,>,153.91#56
sex,=,1,age,<,57,income,>,8124#40123
sex,=,1,height,>,148.84,age,<,25#720
age,>,20,income,<,6389#348
income,>,6794,age,>,28#458
income,<,4449,age,>,21#201
sex,=,1,age,>,64,height,<,163.72#4035
age,<,58,height,<,142.5#303
age,<,70,height,>,153.89#237
height,>,153.29,sex,=,0,income,<,5035#3855
sex,=,1,height,>,141.3,income,<,5357#710
income,>,1619,height,<,147.44,sex,=,1#3299
age,<,44,sex,=,0#20
income,<,6125,age,<,43#538
sex,=,1,income,>,6763,age,<,42#16231
sex,=,1,age,>,72,income,<,4715#3364
height,>,162.87,income,>,8907,sex,=,0#19395
height,>,160.52,sex,=,1,income,>,3156#2700
height,<,175.19,age,>,70#1287
height,<,163.73,sex,=,1#357
age,>,73,sex,=,0,income,<,9706#305
income,>,7827,sex,=,0,age,<,27#12607
sex,=,0,height,<,188.75,income,<,2946#36831
sex,=,0,age,>,52#426
height,>,156.67,age,>,80,income,<,7066#10
age,<,11,sex,=,1,income,<,4965#5708
age,<,59,income,>,2614#46
sex,=,1,age,>,18#93
sex,=,0,height,<,130.23,age,>,75#24280
income,<,3596,age,>,33#206
age,>,17,sex,=,1,income,<,9987#470
sex,=,1,height,<,142.1,income,<,5052#5565
height,>,172.72,income,<,9543#23
height,<,139.94,sex,=,0#444
age,<,50,income,<,6567#151
income,<,7470,age,<,21#155
height,>,132.82,income,>,8549#1040
sex,=,1,height,<,149.22#1896
height,<,164.91,age,<,50,income,<,5315#1658
age,<,20,height,>,189.46#44076
height,>,160.07,age,>,63,income,<,8170#641
age,<,48,income,>,2473#95
age,<,78,income,>,1773#36
age,<,29,income,<,1775#29
income,<,1367,height,<,143.85#1448
height,<,144.77,sex,=,0,age,>,22#679
height,>,187.04,sex,=,1#757
income,<,7582,sex,=,0,height,<,133.37#4327
height,<,174.37,sex,=,0#253
income,<,2420,age,>,76#4336
height,<,144.92,sex,=,0#630
age,>,75,sex,=,0#1101
age,>,55,height,<,142.28,sex,=,0#7474
height,>,136.73,sex,=,1#178
age,<,20,income,>,4075,sex,=,1#4985
age,<,76,income,<,2562#1881
height,<,137.14,income,<,1469,sex,=,1#23613
height,>,139.44,income,>,6776,age,>,59#625
age,<,61,income,>,1874#63
sex,=,0,height,>,165.05#133
income,<,1336,sex,=,0#76670
sex,=,1,age,<,44,income,>,8737#53100
age,>,45,sex,=,1,height,<,149.72#8379
height,>,176.3,income,>,8631,age,>,72#3349
income,<,5218,height,<,154.45,sex,=,0#2704
sex,=,0,height,>,183.06,age,<,69#1349
age,>,15,sex,=,0,height,>,168.74#364
age,<,79,income,<,8981#42
income,>,6527,sex,=,1,age,>,75#9513
income,<,3158,height,>,138.72#736
height,<,162.49,age,>,72#3896
height,<,144.36,income,<,7958,sex,=,1#3275
age,<,62,sex,=,1,height,<,130.32#6729
sex,=,0,age,>,15,height,<,169.41#893
income,<,5627,sex,=,0,age,<,70#129
height,<,186.86,age,>,21,income,<,8412#147
height,<,148.56,age,<,46,sex,=,0#3855
income,>,5865,age,<,45#892
age,<,11,income,>,2891#1496
height,>,178.46,age,<,65#1320
age,>,76,sex,=,1,income,<,1903#16623
income,<,1432,height,>,164.02#1218
sex,=,0,height,>,142.35#146
age,>,30,income,>,9866,height,>,148.93#1540
sex,=,1,age,>,14,height,>,176.85#481
sex,=,0,income,>,5502,height,>,159.03#19
height,<,187.05,sex,=,0,age,<,30#423
height,>,136.01,sex,=,0,age,<,48#98
age,<,75,income,>,2290,sex,=,1#1911
age,<,29,height,>,189.08,income,<,8538#18748
age,>,74,height,>,184.18,income,>,2519#3962
sex,=,1,age,>,71,income,>,3683#4031
income,<,6422,sex,=,1#3190
income,>,5667,sex,=,1,age,>,37#1520
height,<,164.73,age,<,44#1668
income,<,7722,height,>,177.88#401
sex,=,0,age,<,69#203
income,<,9612,sex,=,1,age,>,73#255
income,>,2742,sex,=,1#2375
sex,=,1,age,<,74,income,<,3617#11019
height,>,137.82,age,>,30#77
sex,=,1,income,>,9444,age,<,11#72452
sex,=,0,income,>,5424,height,<,159.83#1012
income,>,2453,sex,=,0#2089
height,<,142.96,sex,=,0,income,>,6229#3402
height,<,179.46,age,<,61#369
income,<,6957,sex,=,1#3418
sex,=,0,income,>,8964#19549
age,<,37,income,>,8702,sex,=,1#52865
income,<,7413,sex,=,0#3170
height,>,145.36,sex,=,0#183
income,>,1130,age,>,16,sex,=,0#970
age,<,62,height,>,171.07,sex,=,1#651
sex,=,0,height,>,149.5#270
income,>,7850,height,>,162.62,age,>,52#1828
income,<,7705,age,<,24#18
income,>,3522,sex,=,0#3214
age,<,15,income,<,7729,height,>,160.29#9115
age,<,38,income,<,2372,sex,=,1#17145
income,<,3919,sex,=,0#18924
sex,=,1,height,<,187.45,income,>,1267#902
age,>,61,height,>,145.64,sex,=,0#373
height,>,173.18,sex,=,1,age,>,74#3336
sex,=,1,income,<,3314,age,<,78#12545
sex,=,0,age,>,47,income,>,7375#11068
sex,=,0,height,>,168.32#16
sex,=,0,age,<,59,income,>,7657#11875
height,>,167.98,income,>,3349#88
income,>,4644,sex,=,1#4175
sex,=,0,height,>,178.17#629
income,>,8803,sex,=,0#18605
income,>,4043,height,>,136.32#1
income,>,7697,age,<,26#1593
height,>,176.07,age,>,42#946
income,>,3378,age,>,35,sex,=,1#3215
height,>,153.93,age,>,10,income,<,2488#1547
sex,=,0,height,<,188.34,income,>,9937#21804
height,>,183.71,age,<,59#2453
sex,=,1,income,>,5519#592
age,>,44,height,>,173.14#3084
sex,=,0,age,<,8,height,>,171.46#10
height,<,162.03,age,<,51,income,<,9718#2460
income,>,3399,age,>,11#25
age,<,27,sex,=,0#50
age,<,26,income,<,3670#475
income,<,9030,height,<,136.46#3170
sex,=,0,age,<,33#216
sex,=,1,age,<,75,income,<,5026#2722
age,<,46,income,>,5968,height,>,187.56#253
height,<,173.29,age,>,17,sex,=,1#117
age,>,78,height,<,169.22,sex,=,0#4868
height,<,148.96,sex,=,1,income,<,6669#1754
sex,=,0,height,<,189.5#164
age,>,37,income,>,1088#143
sex,=,1,income,>,8173,height,>,145.9#40462
age,<,45,income,<,5809,height,>,175.01#4310
sex,=,0,height,<,162.57,income,>,4813#2181
age,>,29,income,>,8706#248
income,<,9607,height,>,141.93,age,<,12#4512
sex,=,0,income,<,7785#2695
sex,=,1,age,>,36,height,>,134.65#16
height,<,176.75,sex,=,0#137
income,<,2606,height,>,170.31#2477
age,>,17,income,<,1679,sex,=,1#19943
income,>,4469,age,<,47#483
sex,=,1,age,<,71#75
income,>,5538,height,>,184.69#1070
sex,=,0,age,>,60,height,>,170.86#2206
income,>,3367,age,<,61#96
age,<,72,income,<,7575#235
height,>,174.4,income,>,8255#1350
age,<,48,sex,=,1,height,>,167.64#1584
sex,=,0,height,>,144.01,age,<,45#58
age,<,26,height,>,149.73,sex,=,1#1067
income,>,6689,height,>,134.96#404
height,>,143.96,sex,=,0#162
income,>,5771,sex,=,0#1573
income,>,9177,age,>,80,height,>,154.53#10
height,>,187.98,sex,=,0#436
sex,=,0,height,<,132.97,income,<,4394#14688
income,<,9689,age,<,37,sex,=,0#950
income,<,1896,height,<,138.16#485
income,<,1214,height,>,160.76,age,>,72#2866
age,>,18,income,<,7526,sex,=,1#3074
income,<,8086,height,<,159.51,sex,=,0#3363
income,<,5769,sex,=,0#1503
sex,=,1,age,<,50,height,>,137.85#234
height,<,181.11,income,>,8818#350
income,<,5233,sex,=,0,age,>,67#3636
height,>,181.83,income,>,5571,sex,=,1#1085
sex,=,0,income,<,1704,age,>,30#66298
sex,=,0,age,>,47#464
sex,=,0,income,>,7634,age,<,50#12064
age,>,78,height,<,137.36,income,<,5904#19917
age,>,24,income,>,6279,height,<,156.0#1380
height,>,157.93,income,<,1124,sex,=,0#84003
income,<,6179,sex,=,1#2729
income,>,5678,sex,=,1#2121
sex,=,0,income,>,1367,age,>,77#2394
sex,=,0,height,>,136.23#158
height,<,139.97,income,<,6875#535
age,<,79,sex,=,0,income,>,4039#3390
sex,=,0,income,<,3964,age,>,64#19322
age,>,17,height,>,181.91,sex,=,0#131
income,<,9684,height,>,136.23#8
sex,=,0,height,<,174.92#248
sex,=,1,income,<,5627#681
sex,=,1,age,>,78#1397
age,<,33,income,>,3564,height,<,167.7#762
income,<,7987,age,<,81#137
income,<,1787,sex,=,1#20203
height,>,169.3,income,>,8550,sex,=,0#17155
income,<,2944,sex,=,0#36764
income,>,9794,age,>,9,height,<,181.72#1072
height,>,136.78,income,<,5956,age,<,50#354
sex,=,0,income,<,4754,height,<,136.01#5533
sex,=,0,income,<,9423#754
height,>,156.74,income,>,5147,sex,=,1#2023
age,>,25,height,>,183.63,sex,=,0#744
age,>,59,height,>,161.37#863
sex,=,1,age,<,50#206
sex,=,1,height,>,172.69#288
sex,=,0,age,<,47#63
age,>,46,height,<,133.09#26155
age,>,72,income,<,5518,height,>,147.23#1005
sex,=,0,height,>,166.92#146
sex,=,0,age,>,46#430
age,<,52,height,<,172.7,sex,=,0#1202
sex,=,0,height,<,161.65#399
sex,=,1,income,>,4668,age,>,40#3800
height,>,187.43,income,<,1351,age,<,25#1615
sex,=,1,income,>,7523#27774
income,<,5646,sex,=,0#489
age,>,49,sex,=,1,height,>,164.69#1965
height,<,157.62,income,>,2302#1657
age,<,21,income,<,6675,sex,=,1#3140
age,>,60,height,<,184.36,income,<,4493#474
income,>,3439,age,>,56#309
age,>,41,height,<,171.03,sex,=,1#66
sex,=,0,height,>,162.73,income,>,1619#1267
sex,=,0,income,>,8531#16669
age,>,24,height,>,157.62,sex,=,0#473
age,<,44,sex,=,1#143
income,>,7737,sex,=,0,height,<,143.52#11941
height,<,157.25,sex,=,1,income,>,1024#2737
income,<,9247,age,<,65,height,<,133.66#2827
income,>,1521,sex,=,0#1064
income,>,8377,height,<,181.31,age,<,58#2147
height,>,146.72,sex,=,1#71
income,>,2982,age,>,66,height,>,179.01#3370
sex,=,0,height,<,189.36#178
age,>,57,sex,=,0,income,<,9811#97
sex,=,0,height,>,145.6#210
age,<,67,height,>,137.82,income,<,8470#104
height,>,152.7,income,<,6077#376
income,>,1667,sex,=,1,height,>,149.62#1087
age,<,23,height,>,178.6#11218
income,<,8141,age,<,10#1459
height,<,135.77,sex,=,0,age,<,46#3732
sex,=,1,height,<,140.1,income,>,8140#44220
height,>,132.29,sex,=,1,income,>,2676#2264
income,<,9198,height,>,133.65#53
sex,=,0,height,>,153.79#306
income,>,2635,age,<,66#63
income,>,4222,sex,=,0,height,>,152.19#3559
age,>,80,sex,=,1#10
income,<,8731,height,<,144.92,sex,=,0#1019
age,>,13,sex,=,1#169
sex,=,0,income,<,2346,height,>,169.81#50745
height,<,188.53,income,<,8738#24
height,<,139.1,income,<,4047#3256
age,<,80,height,<,179.29#54
sex,=,0,age,<,36,income,<,6069#2777
height,<,159.92,age,>,49#4307
height,>,157.8,sex,=,0#457
age,<,62,height,<,152.68#1767
age,>,39,income,>,9860,height,<,170.67#1794
income,>,2872,height,<,174.81#230
income,>,1315,age,>,59,sex,=,1#1051
sex,=,0,height,<,186.89,age,<,17#1200
income,>,7901,sex,=,1,age,<,16#37930
height,<,130.75,income,>,3414,age,>,45#1997
age,<,21,height,>,154.75,sex,=,0#272
height,<,139.44,sex,=,0#196
income,>,2266,sex,=,0,height,<,173.11#1860
age,>,30,sex,=,0#256
height,>,141.92,sex,=,0#155
income,>,5249,sex,=,0#1186
height,<,175.8,sex,=,1,income,<,3287#12590
income,>,8413,height,<,132.86,age,>,60#35572
income,<,6265,sex,=,0,age,>,61#3614
age,>,73,income,<,3345,height,<,152.23#8172
sex,=,1,age,<,48#295
income,>,3058,sex,=,0,height,>,149.45#2898
height,<,186.57,income,>,4200,sex,=,1#4318
age,>,36,sex,=,0,height,>,134.5#432
height,<,163.73,age,>,32#428
income,<,9420,height,>,147.96#112
income,>,1876,height,<,170.26#271
age,<,57,income,>,2748,height,<,156.78#3412
age,>,22,height,<,132.28,income,>,1115#252455
height,>,167.34,age,<,71#275
sex,=,0,height,>,157.88,income,>,8894#19391
income,<,4276,age,<,81#249
height,>,145.16,sex,=,0,income,<,9179#972
age,<,66,height,<,165.15#853
income,>,3237,age,<,64,height,<,131.01#5617
sex,=,1,age,>,53,height,<,152.4#7500
height,<,160.21,age,>,76#4185
height,>,183.9,age,>,77,sex,=,0#3251
income,>,3959,sex,=,1,height,>,147.6#3966
sex,=,0,income,>,2604#2299
age,<,17,income,>,9921,height,>,175.12#34381
income,>,6576,sex,=,0#6408
age,<,25,income,>,5892,height,>,178.1#12965
income,>,6934,age,>,17,sex,=,1#17818
income,<,9826,height,>,167.02#100
sex,=,0,height,<,173.46,income,<,8567#1629
age,>,49,income,>,9713#354
sex,=,1,age,>,71#732
height,<,172.34,sex,=,1,income,<,1069#23907
age,<,32,sex,=,1#323
height,<,164.07,income,<,1269#451
age,<,22,income,>,8042#1706
income,>,9104,age,<,41#1313
income,>,5820,sex,=,1,height,>,139.78#3501
sex,=,0,height,>,174.84#106
income,<,6973,sex,=,1#3429
age,>,34,sex,=,0,income,>,5309#1284
height,<,185.93,age,>,11,income,<,5156#149
age,>,27,income,>,7353#857
height,<,131.91,sex,=,0,income,>,7889#8399
sex,=,1,income,<,7070#3435
sex,=,0,age,<,44#20
age,>,44,height,<,165.9#3443
age,<,59,income,>,9366#2321
age,>,23,sex,=,1#118
sex,=,1,height,>,187.97,age,>,18#455
age,>,13,sex,=,0,income,<,3825#20217
age,<,79,sex,=,1,income,<,9414#788
age,<,44,height,<,151.54,sex,=,1#4050
height,>,176.27,sex,=,0,age,<,28#4774
height,>,147.89,age,<,73#113
age,>,62,height,>,131.36#46
age,<,62,height,<,137.19,sex,=,1#2696
income,<,9960,height,>,181.21,age,<,24#10898
sex,=,1,height,>,142.74#185
height,<,174.48,income,<,4028,sex,=,0#16723
income,>,4707,height,<,156.85,age,<,21#112
height,<,169.54,age,<,22,income,<,4286#339
income,>,1385,age,>,62,height,<,150.78#8783
height,>,161.74,sex,=,1#47
sex,=,1,income,>,7813,height,>,160.72#32691
income,<,5216,height,>,161.89,age,<,71#568
height,>,145.57,sex,=,1,age,<,67#16
age,<,19,income,<,8255,height,<,136.5#14065
age,>,38,height,<,173.2#160
income,>,1628,sex,=,1#1161
income,<,5273,age,>,77#894
height,>,172.09,sex,=,1#511
age,>,30,sex,=,1#141
income,>,4954,age,<,39#430
income,>,8640,height,<,155.53#2606
income,<,1548,age,<,32#211
height,>,170.56,income,>,9826#1168
sex,=,1,age,>,73#511
sex,=,0,age,<,52#13
income,>,3671,height,>,174.1,sex,=,1#4057
height,<,132.42,income,>,2146#8450
age,<,45,sex,=,0#32
income,>,8751,height,<,138.48,sex,=,1#54458
income,<,5986,age,>,21#356
sex,=,0,income,>,9531#21176
income,<,5296,age,<,74,height,<,187.28#256
age,>,68,sex,=,0,income,<,8320#2257
height,<,133.66,age,>,66#1278
age,<,22,sex,=,1#282
height,>,186.19,sex,=,0#485
age,>,15,income,>,5739,height,>,131.86#45
income,<,7789,sex,=,1#2749
sex,=,1,age,<,65,income,<,4399#7122
sex,=,0,height,>,182.29#247
height,>,140.85,income,>,1204,age,<,57#103
sex,=,0,age,>,52,height,<,156.9#5527
income,<,2340,sex,=,1#17087
age,>,10,income,<,1956#968
age,<,78,sex,=,0,income,<,1952#59747
sex,=,0,income,<,2605#45329
income,>,1979,age,>,66,sex,=,1#1761
age,<,51,height,<,139.05,sex,=,0#453
height,>,173.43,income,>,7664,age,<,23#7577
income,<,3692,height,<,180.92#365
sex,=,0,age,<,21,income,>,7291#9382
age,<,47,height,<,146.27#3898
income,>,9865,age,>,71,sex,=,0#22853
height,<,153.35,income,>,7047#2621
income,>,5043,height,>,171.65,age,>,22#490
sex,=,1,age,<,73#122
height,<,173.61,sex,=,1#130
height,<,179.37,income,>,5775,age,>,47#1229
age,<,36,height,<,143.81#183
income,<,4113,age,>,29,sex,=,0#15604
income,>,5800,age,<,39#879
sex,=,1,income,<,1403,age,>,55#21159
income,>,6284,sex,=,0#4469
sex,=,1,income,>,9598#75488
sex,=,0,income,>,1663,age,<,67#1133
age,>,45,sex,=,0#466
age,<,37,sex,=,1#380
income,<,7181,sex,=,1,height,>,147.0#3392
age,>,17,height,<,141.63#37732
height,>,161.32,age,>,41#15
sex,=,0,age,>,36#421
age,>,62,income,>,4756#636
age,>,69,height,<,172.84,income,<,4351#1119
sex,=,1,income,>,5044,age,<,24#3560
height,>,164.12,income,<,4374#68
age,<,48,sex,=,0,income,<,6888#3857
age,>,12,income,>,2815,sex,=,1#2467
height,>,189.74,age,<,80#489
height,<,130.7,age,<,50,income,>,6722#4985
height,<,167.03,income,<,8770#203
age,<,46,sex,=,1#296
height,>,186.57,age,<,64,sex,=,0#1153
age,>,54,sex,=,1#147
age,>,53,income,<,8965,sex,=,0#1144
sex,=,0,age,<,74,height,>,149.84#272
height,<,153.22,sex,=,0,income,>,5312#483
sex,=,0,income,>,5659,age,<,39#109
height,>,152.64,income,>,7286,sex,=,0#10133
age,<,32,height,<,140.12#1318
age,<,44,height,<,164.92#1550
income,>,9408,height,>,165.31,sex,=,1#71337
sex,=,0,age,>,77,income,<,4891#6936
income,>,3535,sex,=,0,height,<,144.36#3123
income,<,6052,height,>,167.71,age,<,67#741
income,>,4396,age,>,41,height,<,185.33#201
income,<,7258,sex,=,1#3291
height,<,142.21,sex,=,1#1630
sex,=,1,income,<,7245#3314
age,>,22,sex,=,0,height,<,164.62#267
income,>,5580,age,>,73,sex,=,1#265
income,<,4381,height,>,143.83#193
sex,=,0,income,>,8785#18402
height,>,151.37,sex,=,1,age,<,36#170
age,>,16,income,>,3715,height,>,172.73#240
height,>,185.64,age,>,10#114
income,<,9015,sex,=,0,age,<,51#1321
height,>,160.54,sex,=,1#152
height,>,177.82,income,>,4240#342
